fish_name,sex.x,detour_trial_1_prop_time_in_social_reward_following_solution,detour_trial_1_date_of_trial,detour_trial_1_time_of_trial,detour_trial_1_did_fish_solve_barrier_problem,detour_trial_1_did_fish_solve_full_social_problem,detour_trial_1_full_problem_time_to_social_reward_minus_time_to_contact_barrier,detour_trial_1_barrier_problem_time_around_barrier_minus_time_to_contact_barrier,detour_trial_1_time_from_barrier_contact_minus_time_to_end_of_alley,time_to_barrier_contact_minus_start_time,scorer,shuttlebox_start_side,presentation_when_fish_gave_up,shuttlebox_average_distance_from_correct_stimulus_during_stimulus,shuttlebox_average_distance_from_correct_stimulus_during_gaps,difference_avg_dist_from_correct_first_5_gaps_minus_last_5_gaps,difference_avg_prop_correct_first_5_gaps_minus_last_5_gaps,shuttlebox_slope_using_avg_dist_from_correct,shuttlebox_wilcox_test_using_avg_dist_from_correct,binned_shuttlebox_slope_using_avg_dist_from_correct,binned_shuttlebox_wilcox_test_using_avg_dist_from_correct,shuttlebox_slope_using_proportion_time_correct_during_gap,shuttlebox_wilcox_test_using_proportion_time_correct_during_gap,binned_shuttlebox_slope_using_proportion_time_correct_during_gap,binned_shuttlebox_wilcox_test_using_proportion_time_correct_during_gap,shuttlebox_average_proportion_of_time_on_correct_side_during_gaps,shuttlebox_average_proportion_of_time_on_correct_side_during_stimulus,shuttlebox_proportion_of_time_on_correct_side_during_gaps_slope_across_presentations,shuttlebox_proportion_of_time_on_correct_side_during_stimulus_slope_across_presentations,binned_shuttlebox_average_proportion_of_time_on_correct_side_during_gaps,binned_shuttlebox_average_proportion_of_time_on_the_correct_side_during_stimulus,binned_shuttlebox_proportion_of_time_on_correct_side_during_gaps_slope_across_presentations,binned_shuttlebox_proportion_of_time_on_correct_side_during_stimulus_slope_across_presentations,did_fish_solve_shuttlebox_using_avg_dist_from_correct,binned_did_fish_solve_shuttlebox_using_avg_dist_from_correct,did_fish_solve_shuttlebox_using_proportion_time_correct_during_gap,binned_did_fish_solve_shuttlebox_using_proportion_time_correct_during_gap,last10secdata_shuttlebox_average_distance_from_correct_stimulus_during_gaps,last10secdata_difference_avg_dist_from_correct_first_5_gaps_minus_last_5_gaps,last10secdata_difference_avg_prop_correct_first_5_gaps_minus_last_5_gaps,last10secdata_shuttlebox_slope_using_avg_dist_from_correct,last10secdata_shuttlebox_wilcox_test_using_avg_dist_from_correct,last10secdata_binned_shuttlebox_slope_using_avg_dist_from_correct,last10secdata_binned_shuttlebox_wilcox_test_using_avg_dist_from_correct,last10secdata_shuttlebox_slope_using_proportion_time_correct_during_gap,last10secdata_shuttlebox_wilcox_test_using_proportion_time_correct_during_gap,last10secdata_binned_shuttlebox_slope_using_proportion_time_correct_during_gap,last10secdata_binned_shuttlebox_wilcox_test_using_proportion_time_correct_during_gap,last10secdata_shuttlebox_average_proportion_of_time_on_correct_side_during_gaps,last10secdata_shuttlebox_proportion_of_time_on_correct_side_during_gaps_slope_across_presentations,last10secdata_binned_shuttlebox_average_proportion_of_time_on_correct_side_during_gaps,last10secdata_binned_shuttlebox_proportion_of_time_on_correct_side_during_gaps_slope_across_presentations,last10secdata_did_fish_solve_shuttlebox_using_avg_dist_from_correct,last10secdata_binned_did_fish_solve_shuttlebox_using_avg_dist_from_correct,last10secdata_did_fish_solve_shuttlebox_using_proportion_time_correct_during_gap,last10secdata_binned_did_fish_solve_shuttlebox_using_proportion_time_correct_during_gap,last10secdata_was_difference_avg_prop_correct_first_5_gaps_minus_last_5_gaps_at_least_20_percent,last10secdata_was_difference_avg_dist_from_correct_first_5_gaps_minus_last_5_gaps_at_least_20_percent,sex.y,standard_length,order,average_prop_time_thigmo_T0_to_T29,average_prop_time_mirror_T0_to_T29,average_number_of_entries_T0_to_T29,average_number_of_entries_T30_to_T50,average_number_of_entries_full_4_minutes,average_reaction_time,average_performance_across_all_9_testing_trials_using_full_4_minutes_data,average_performance_across_all_9_testing_trials_using_T30_to_T50_data,total_number_of_testing_trials_using_full_4_minutes_data,total_number_of_testing_trials_using_T30_to_T50_data,number_of_trials_on_0.50_ratio_using_full_4_minutes_data,number_of_trials_on_0.67_ratio_using_full_4_minutes_data,number_of_trials_on_0.75_ratio_using_full_4_minutes_data,number_of_trials_on_0.50_ratio_using_T30_to_T50_data,number_of_trials_on_0.67_ratio_using_T30_to_T50_data,number_of_trials_on_0.75_ratio_using_T30_to_T50_data,median_performance_on_0.50_ratio_using_full_4_minutes_data,median_performance_on_0.67_ratio_using_full_4_minutes_data,median_performance_on_0.75_ratio_using_full_4_minutes_data,median_performance_on_0.50_ratio_using_T30_to_T50_data,median_performance_on_0.67_ratio_using_T30_to_T50_data,median_performance_on_0.75_ratio_using_T30_to_T50_data,number_of_medians_above_60_using_full_4_minutes_data,number_of_medians_above_60_using_T30_to_T50_data,shapiro_wilk_test_p_value_using_full_4_minutes_data,was_average_performance_significantly_different_from_0.5_full_4_minutes_p_value_of_either_t_test_or_wilcox,shapiro_wilk_test_p_value_using_T30_to_T50_data,was_average_performance_significantly_different_from_0.5_T30_to_T50_p_value_of_either_t_test_or_wilcox,learning_category_according_to_etheredge_T30_to_T50,learning_category_according_to_etheredge_full_4_minutes,did_fish_have_a_median_above_60,did_fish_have_at_least_two_medians_above_60,average_latency_to_enter_correct_side,average_latency_to_enter_incorrect_side,average_latency_to_enter_correct_side_filtered_just_correct_choice,proportion_of_correct_first_choices,number_of_trials_in_a_row_greater_than_60_percent_full_4_minutes,number_of_trials_in_a_row_greater_than_60_percent_T30_to_T50,number_of_trials_in_a_row_correct_choice_first,mean_of_median_performance_on_each_ratio_full_four_minutes_data,mean_of_median_performance_on_each_ratio_T30_to_T50_data
wade,M,0.394736842,10_17_2017,2:36,1,1,3,1,4,445,DH,L,30,655.1833333333333,671.8803738317757,14.43137254901967,0.0222222222222222,-2.439428727328785,0.18824983699994682,-6.827482555018756,0.18824983699994682,8.651588184402435e-4,0.7203556673065828,0.0043244233720424055,0.9185487179237722,0.4703703703703704,0.5,8.651588184402435e-4,0.0037819799777530473,0.4737717309145881,0.5,0.0043244233720424055,0.014141414141414134,0,0,0,0,680.1666666666666,15.600000000000023,0,-2.7463848720800876,0.514520239194296,-7.703030303030284,0.514520239194296,0.0013348164627363668,0.7238115292533962,0.004040404040404027,0.21214072597548927,0.4666666666666667,0.0013348164627363668,0.4666666666666666,0.004040404040404027,0,0,0,0,0,0,M,1997,NDS,0.6532183908045978,0.3157854406130268,1.7777777777777777,2.4444444444444446,13.11111111111111,27.106555555555556,0.5796417833208214,0.6,8,5,2,3,3,2,2,1,0.9620778349780348,0.1374078890333768,0.5755707075771249,1,0,1,1,2,0.01823776718023484,0.7230087105700103,0.006470000751665464,0.765594483995764,low,low,1,1,65.97083333333333,102.62650000000001,65.97083333333333,0.5,2,2,1,0.5583521438628455,0.6666666666666666
wilma,F,0.012237762,9_6_2017,3:48,1,1,6,3,2,22,DH,R,30,680.2666666666667,637.2366355140186,-11.366274509803816,-0.017948717948717996,-0.927217679086146,0.7850743620509726,-3.5845805689747268,0.7850743620509726,0.002025042069535954,0.9401216360668385,0.005112347969490841,0.8585862013366392,0.5085470085470085,0.4666666666666667,0.002025042069535954,-0.004338153503893214,0.5056689342403629,0.4666666666666667,0.005112347969490841,-0.013131313131313145,0,0,0,0,655.7333333333333,-17.43999999999994,0,-0.13988876529476685,0.42439606457748447,0.29090909090911354,0.42439606457748447,0.0011123470522803047,1,0.0020202020202019985,0.20903715468027073,0.5,0.0011123470522803047,0.5,0.0020202020202019985,0,0,0,0,0,0,NA,NA,NA,NA,NA,NA,NA,NA,NA,NA,NA,NA,NA,NA,NA,NA,NA,NA,NA,NA,NA,NA,NA,NA,NA,NA,NA,NA,NA,NA,NA,NA,NA,NA,NA,NA,NA,NA,NA,NA,NA,NA,NA,NA
wyatt,M,0.092982456,08_24_2017,2:13,1,1,7,1,4,23,DH,L,26,664.575,654.3551401869158,55.91111111111104,-0.055555555555555525,-2.9764043984199606,0.61768401836274,-8.057107890499129,0.61768401836274,0.004041527623285123,0.9642903555236115,0.00925582354153785,0.9592742896140631,0.49444444444444446,0.475,0.004041527623285123,-5.005561735261381e-4,0.4910430839002268,0.475,0.00925582354153785,-5.050505050505248e-4,0,0,0,0,630.9166666666666,50.60000000000002,0,-2.1418242491657353,0.6640241337262307,-4.338383838383818,0.6640241337262307,3.3370411568409283e-4,0.862403323736515,-0.0010101010101010283,0.39420695046793175,0.5166666666666667,3.3370411568409283e-4,0.5166666666666666,-0.0010101010101010283,0,0,0,0,0,0,M,2336,SDN,0.2333333333333333,0.5480842911877395,9.555555555555555,12.11111111111111,79,2.433333333333333,0.46849521653355003,0.44667021025907794,9,9,3,3,3,3,3,3,0.5268284893005428,0.31232091690544383,0.42913907284768155,0.37025316455696206,0.4060773480662978,0.4926253687315634,0,0,0.6654929787692405,0.5621838048398651,0.8608806612548631,0.4339131136393165,non,non,0,0,8.272222222222222,8.428125000000001,8.272222222222222,0.75,1,1,3,0.42276282635122275,0.4229852937849411
wisteria,F,0.023090586,12_13_2017,11:00,1,1,8,6,8,29,KW,L,18,719.9833333333333,693.2336448598131,362.2888888888889,-0.3111111111111111,-11.741012300867062,0.14448470293459462,-34.16240472356401,0.14448470293459462,0.011543690520331228,0.9823088653063942,0.03160860303717448,0.553268714219993,0.45925925925925926,0.43333333333333335,0.011543690520331228,-0.008898776418242483,0.45547996976568406,0.43333333333333335,0.03160860303717448,-0.023232323232323264,0,0,0,0,743.2666666666667,99,-0.10000000000000003,-2.326140155728586,0.16289324548421671,-4.529292929292904,0.16289324548421671,0.004226918798665173,0.24516654402539464,0.01010101010101009,0.020041916312799824,0.4,0.004226918798665173,0.39999999999999997,0.01010101010101009,0,0,0,1,0,0,F,2490,NSD,0.263816091954023,0.18101532567049808,5.555555555555555,7.555555555555555,69.44444444444444,2.4961111111111105,0.5168384634993869,0.5411738455347261,9,9,3,3,3,3,3,3,0.46531657355679695,0.5377358490566042,0.43058951371909765,0.768760907504363,0.5,0.5384615384615388,0,1,0.8884041118895878,0.7873384070186397,0.48663665300918885,0.7246509481712887,low,non,1,0,16.94142857142857,6.8822222222222225,4.67,0.2857142857142857,2,1,1,0.47788064544416625,0.6024074819886339
gloria,F,0.09057971,8_24_2017,1:38,1,1,16,8,4,32,DH,L,30,781.6034482758621,625.503861003861,NA,0.011111111111111072,-7.094130552455926,0.8648698600391844,-26.07005495568711,0.8648698600391844,0.004115684093437152,0.5808912602270008,0.019475938523557595,0.7594628653799336,0.5018518518518519,0.35,0.004115684093437152,0.005005561735261404,0.5052532123960696,0.35,0.019475938523557595,0.013131313131313126,0,0,0,0,821.4642857142857,NA,-0.2,-11.928571428571434,1.3695073425410418e-4,-38.6185476815398,1.3695073425410418e-4,0.008120133481646271,0.028917058950663294,0.02727272727272727,0.019624414976639703,0.31666666666666665,0.008120133481646271,0.31666666666666665,0.02727272727272727,1,1,1,1,1,NA,F,3350,SDN,0.06952107279693487,0.26257854406130265,5.666666666666667,5.555555555555555,45.44444444444444,5.608333333333333,0.4995236155188724,0.42305537708857577,9,9,3,3,3,3,3,3,0.5049045860698482,0.3892421159715157,0.5134803921568628,0.31268436578171094,0.7016212487064503,0,0,1,0.4510880219268337,0.9939400301986933,0.1318094549613764,0.5825017903775748,low,non,1,0,24.924,16.143749999999997,24.924,0.5714285714285714,2,2,2,0.4692090313994089,0.33810187149605375
wanda,F,0.035971223,9_6_2017,3:29,1,1,31,28,7,152,DH,R,26,684.5333333333333,598.7409345794392,-23.928888888888878,0.011111111111111072,-1.422942291496133,0.24257905449375539,-2.4713103596349524,0.24257905449375539,5.438141144481399e-4,1,0.0018552875695732616,0.41360744264807486,0.537037037037037,0.45,5.438141144481399e-4,-1.1123470522803562e-4,0.5404383975812548,0.44999999999999996,0.0018552875695732616,0.0010101010101010008,0,0,0,0,617.84,-42.24000000000001,0.09999999999999998,1.304738598442713,0.8481966830273109,6.272323232323237,0.8481966830273109,-0.0031145717463848667,0.7151627523857104,-0.012121212121212142,0.7174913183236274,0.5333333333333333,-0.0031145717463848667,0.5333333333333333,-0.012121212121212142,0,0,0,0,0,0,NA,NA,NA,NA,NA,NA,NA,NA,NA,NA,NA,NA,NA,NA,NA,NA,NA,NA,NA,NA,NA,NA,NA,NA,NA,NA,NA,NA,NA,NA,NA,NA,NA,NA,NA,NA,NA,NA,NA,NA,NA,NA,NA,NA
gideon,M,0.30198915,12_3_2017,2:51,1,1,34,8,3,13,BW,L,10,715.9083333333333,641.3981308411215,196.72222222222217,-0.18888888888888888,-1.678853658825886,0.7099198723185685,-7.497820719269946,0.7099198723185685,0.0031763688048448823,0.8007166083211958,0.009929224214938486,0.5387009282569317,0.4981481481481482,0.425,0.0031763688048448823,0.008620689655172415,0.4947467876039304,0.425,0.009929224214938486,0.024747474747474716,0,0,0,0,680.6,326.4,-0.2,-9.96084538375973,0.6801297522561982,-30.381818181818176,0.6801297522561982,0.012680756395995552,0.47243809905687184,0.03838383838383836,0.07713184118530218,0.43333333333333335,0.012680756395995552,0.4333333333333333,0.03838383838383836,0,0,0,0,1,1,M,1025,SDN,0.4115708812260536,0.020402298850574718,7.666666666666667,2.7777777777777777,30.77777777777778,18.20277777777778,0.35028508666293956,0.2857142857142857,8,7,3,3,3,3,2,3,0.18069088926479426,0.4365386972466367,0,0,0,0,0,0,0.025232689232391955,0.18127639241267002,4.790565961876614e-4,0.5296506700533425,non,non,0,0,134.42499999999998,71.34166666666667,134.42499999999998,1,2,1,1,0.20574319550381032,0
griffin,M,0.493457944,12_3_2017,2:33,1,1,35,31,3,30,BW,NA,NA,NA,NA,NA,NA,NA,NA,NA,NA,NA,NA,NA,NA,NA,NA,NA,NA,NA,NA,NA,NA,NA,NA,NA,NA,NA,NA,NA,NA,NA,NA,NA,NA,NA,NA,NA,NA,NA,NA,NA,NA,NA,NA,NA,NA,NA,M,1019,SDN,0.3478927203065134,0.11293103448275861,3.6666666666666665,2.2222222222222223,25.333333333333332,16.869444444444444,0.3962744324378054,0.5,9,6,3,3,3,3,1,2,0.44177724765170717,0.3692085812150715,0.21595133491044274,1,0,0.5,0,1,0.4518545293208607,0.3634729412332518,0.004039328517458278,1,low,non,1,0,50.828125,67.92916666666667,50.828125,0.6,1,2,3,0.3423123879257405,0.5
gary,M,0.354938272,8_31_2017,10:50,1,1,43,37,232,233,DH,R,30,583.8416666666667,646.3457943925233,140.21960784313728,-0.12820512820512825,-3.4118567548011285,0.3961997876963175,-9.794542136339208,0.3961997876963175,0.0023929722483671317,1,0.008057903295998531,0.9187600955117996,0.500997150997151,0.55,0.0023929722483671317,-0.00433815350389321,0.5032501889644747,0.55,0.008057903295998531,-0.013131313131313136,0,0,0,0,644.8666666666667,-34.10000000000002,0.09999999999999998,-0.14883203559510563,0.5314740445042669,1.1454545454545462,0.5314740445042669,-0.00222469410456063,1,-0.008080808080808091,0.5711260675200034,0.5,-0.00222469410456063,0.5,-0.008080808080808091,0,0,0,0,0,0,M,2330,NSD,0.13867816091954024,0.42815325670498083,8,5.444444444444445,53.77777777777778,2.0088888888888885,0.5103590139708649,0.524902874444351,9,7,3,3,3,2,2,3,0.5532829287703944,0.6151104775481109,0.4088815789473684,0.6889715788798357,0.5,0.4083769633507854,1,1,0.995135198775796,0.8840150616784982,0.1846331223148499,0.8814298412768545,low,low,1,0,54.819374999999994,46.2525,54.819374999999994,0.2,2,2,1,0.5257583284219579,0.5324495140768737
wheatley,M,0.036324786,8_31_2017,11:29,1,1,56,21,6,76,DH,R,30,550.0583333333333,644.5794392523364,13.755555555555588,0.02307692307692305,-2.4830475783779895,0.8832096057741288,-10.810035426731014,0.8832096057741288,0.0015297148778795058,0.8125639278080548,0.008449575116241777,0.4036220091236142,0.48133903133903133,0.5916666666666667,0.0015297148778795058,-0.0077308120133481656,0.48174603174603176,0.5916666666666667,0.008449575116241777,-0.025757575757575757,0,0,0,0,669.4166666666666,82.40000000000009,0,-2.2926585094549483,0.5411868311977518,-10.326262626262613,0.5411868311977518,-2.2246941045605954e-4,0.6951185375666427,0.004040404040404025,0.31976706349517875,0.4666666666666667,-2.2246941045605954e-4,0.4666666666666667,0.004040404040404025,0,0,0,0,0,0,M,2380,NSD,0.28654022988505745,0.5725172413793104,8,6.111111111111111,53.666666666666664,5.9527777777777775,0.49636019968410094,0.3944982815118113,9,9,3,3,3,3,3,3,0.22171945701357448,0.594307162965281,0.7296110414052696,0.10597302504816956,0.24984703242912537,0.5060728744939273,1,0,0.8799301941810108,0.9712275144972804,0.10151629376499567,0.4363005404284156,non,low,0,0,12.668625,33.38022222222222,4.581250000000001,0.5,1,1,2,0.5152125537947083,0.2872976439904074
wylla,F,0.373540856,10_31_2017,3:46,1,1,58,47,8,28,DH,R,6,706.2333333333333,643.6392523364486,NA,NA,0.3529312124123716,0.753562102070893,1.338995169082123,0.753562102070893,-0.0014954888147324266,0.9030470342491175,-0.0026432121670217057,0.8373136810307841,0.49074074074074076,0.45,-0.0014954888147324266,0.010122358175750839,0.49433106575963714,0.45,-0.0026432121670217057,0.0313131313131313,0,0,0,0,687.4666666666667,NA,NA,0.4600667408231399,0.2694482940621891,0.8464646464646631,0.2694482940621891,-0.0012235817575083428,0.5859555137916794,-0.003030303030303051,0.14782567034901337,0.45,-0.0012235817575083428,0.44999999999999996,-0.003030303030303051,0,0,0,0,NA,NA,NA,NA,NA,NA,NA,NA,NA,NA,NA,NA,NA,NA,NA,NA,NA,NA,NA,NA,NA,NA,NA,NA,NA,NA,NA,NA,NA,NA,NA,NA,NA,NA,NA,NA,NA,NA,NA,NA,NA,NA,NA,NA,NA,NA
warren,M,0.05019305,10_17_2017,2:17,1,1,66,62,1,16,DH,L,15,702.9666666666667,669.3308411214954,-1.7111111111111086,0,-1.7541667556314469,0.7716197194166554,-7.381002683843166,0.7716197194166554,0.0021819115256267578,0.5244390578622674,0.007263107263107235,0.47409386201124476,0.4756410256410256,0.45,0.0021819115256267578,0.0027808676307007727,0.4738095238095238,0.45,0.007263107263107235,0.008080808080808065,0,0,0,0,671.7,230.19999999999993,-0.19999999999999996,-2.3250278086763077,0.988248387860628,-10.006060606060604,0.988248387860628,0.0024471635150166713,0.7151627523857104,0.010101010101010105,0.285202279843243,0.4666666666666667,0.0024471635150166713,0.4666666666666667,0.010101010101010105,0,0,0,0,1,0,NA,NA,NA,NA,NA,NA,NA,NA,NA,NA,NA,NA,NA,NA,NA,NA,NA,NA,NA,NA,NA,NA,NA,NA,NA,NA,NA,NA,NA,NA,NA,NA,NA,NA,NA,NA,NA,NA,NA,NA,NA,NA,NA,NA
waverly,F,0.670658683,12_3_2017,3:27,1,1,75,61,4,358,BW,L,23,686.2083333333334,682.1345794392523,194.1444444444444,-0.2,-2.435533966762736,0.013563750952850825,-9.290097691894745,0.013563750952850825,0.0013348164627363644,0.6048185129153771,0.007915893630179364,0.5402913746074198,0.45555555555555555,0.44166666666666665,0.0013348164627363644,0.007397107897664066,0.45895691609977324,0.44166666666666665,0.007915893630179364,0.021717171717171715,1,1,0,0,714.7666666666667,335.19999999999993,-0.39999999999999997,-4.4785317018909865,0.3043962314020358,-15.32525252525252,0.3043962314020358,0.0064516129032258064,0.26234739095179577,0.02020202020202018,0.07893074314203742,0.4,0.0064516129032258064,0.39999999999999997,0.02020202020202018,0,0,0,0,1,1,F,1319,SDN,0.03141762452107279,0.4004980842911878,5.444444444444445,1.5555555555555556,16,36.083444444444446,NaN,NaN,0,0,0,0,0,0,0,0,NA,NA,NA,NA,NA,NA,0,0,NA,NA,NA,NA,non,non,0,0,NaN,NaN,NaN,NaN,0,0,0,NaN,NaN
wilbur,M,0.077235772,9_13_2017,12:23,1,1,76,17,7,32,DH,R,30,647.5916666666667,655.5084112149533,-98.41633986928105,0.12222222222222218,1.3513215425311156,0.7927194841323585,-1.1662737520128519,0.7927194841323585,-0.0022123346928686156,0.9492261246443163,0.0011360773265535128,0.6355861222787667,0.4759259259259259,0.49166666666666664,-0.0022123346928686156,0.00283648498331479,0.4802721088435374,0.49166666666666664,0.0011360773265535128,0.002525252525252505,0,0,0,0,658.4166666666666,-190.89999999999998,0.19999999999999996,6.157842046718582,0.5411429811915431,12.364646464646473,0.5411429811915431,-0.006562847608453842,0.862403323736515,-0.013131313131313146,0.24983727366659345,0.48333333333333334,-0.006562847608453842,0.48333333333333334,-0.013131313131313146,0,0,0,0,0,0,M,1961,DNS,0.28633333333333333,0.4067777777777778,4.888888888888889,4.888888888888889,47.333333333333336,2.266666666666667,0.5359650314427535,0.5746753246753247,9,9,3,3,3,3,3,3,0.4662620492681185,0.7529328621908127,0.47539342904472676,0.17207792207792239,1,1,1,2,0.17635487844430214,0.6104401202628251,0.0010317127868623537,0.5637028616507731,low,low,1,1,17.863888888888887,46.36875,17.863888888888887,0.75,2,2,3,0.5648627801678859,0.7240259740259741
gunther,M,0.947686117,8_24_2017,2:42,1,1,91,89,5,12,DH,L,30,665.2083333333334,663.9551401869159,39.434640522875725,-0.022222222222222254,-2.8567666631080724,0.3436476123460436,-7.793829307568426,0.3436476123460436,0.0023359288097886486,0.7460187376088532,0.008149522435236714,1,0.4685185185185185,0.4666666666666667,0.0023359288097886486,0.008676307007786425,0.47173091458805744,0.4666666666666667,0.008149522435236714,0.02828282828282827,0,0,0,0,696.55,177.0999999999999,-0.2,-4.612569521690769,0.7740211662625126,-12.639393939393935,0.7740211662625126,0.0051167964404894295,0.47243809905687184,0.01414141414141411,0.07713184118530218,0.43333333333333335,0.0051167964404894295,0.4333333333333333,0.01414141414141411,0,0,0,0,1,0,NA,NA,NA,NA,NA,NA,NA,NA,NA,NA,NA,NA,NA,NA,NA,NA,NA,NA,NA,NA,NA,NA,NA,NA,NA,NA,NA,NA,NA,NA,NA,NA,NA,NA,NA,NA,NA,NA,NA,NA,NA,NA,NA,NA
gladys,F,0.040816327,10_17_2017,10:07,1,1,120,7,11,333,DH,R,28,592.575,636.8,-73.60000000000002,0.06666666666666665,3.276825024020497,0.9823806041452152,10.110494900697752,0.9823806041452152,-0.0024842417500926996,0.9917106351377222,-0.01064843445795825,0.845703125,0.512962962962963,0.55,-0.0024842417500926996,0.0030033370411568345,0.5080498866213152,0.55,-0.01064843445795825,0.008080808080808074,0,0,0,0,614.05,62.299999999999955,0,-4.565183537263624,0.9618320947897734,-12.166666666666652,0.9618320947897734,0.0022246941045606164,0.7238115292533962,0.0040404040404040335,0.46672050886918276,0.5333333333333333,0.0022246941045606164,0.5333333333333333,0.0040404040404040335,0,0,0,0,0,0,F,2695,NDS,0.15096059113300492,0.19029556650246307,5.571428571428571,3.4285714285714284,42.285714285714285,12.46857142857143,0.4768127061037222,0.7142857142857143,7,7,2,2,3,2,2,3,0.5367054980592403,0.47356944913203225,0.4554983800266819,0.5,1,1,0,2,0.7182102733155302,0.5823896211835776,2.751787022775031e-4,0.2986176744488101,low,non,1,1,17.605,35.875,17.605,1,1,5,3,0.48859110907265146,0.8333333333333334
georgiafixed,F,0.462295082,9_13_2017,11:29,1,1,285,22,5,10,DH,NA,NA,NA,NA,NA,NA,NA,NA,NA,NA,NA,NA,NA,NA,NA,NA,NA,NA,NA,NA,NA,NA,NA,NA,NA,NA,NA,NA,NA,NA,NA,NA,NA,NA,NA,NA,NA,NA,NA,NA,NA,NA,NA,NA,NA,NA,NA,F,3036,DNS,0.23182375478927209,0.36912260536398467,10.777777777777779,6,60.111111111111114,4.794666666666666,0.5003592958001349,0.578846788203382,9,9,3,3,3,3,3,3,0.49198717948717957,0.5162979226482012,0.4742451154529307,0.5068965517241381,0.5281690140845069,0.8300884955752214,0,1,0.41741897078033813,0.9900460787921892,0.17921643994861083,0.5456792325575683,low,non,1,0,10.333666666666668,11.215874999999999,10.333666666666668,0.6,1,2,1,0.49417673919610383,0.6217180204612888
gwen,F,0.190082645,10_17_2017,9:47,1,1,289,283,11,190,DH,R,30,655.5666666666667,645.2336448598131,128.38823529411775,-0.15555555555555556,-0.6647867810161027,0.41902175026045,-3.6299001610305965,0.41902175026045,0.001952787047336545,0.8877421088991179,0.005103186055566984,0.7984748259421881,0.5,0.4666666666666667,0.001952787047336545,0.002335928809788651,0.4965986394557823,0.4666666666666667,0.005103186055566984,0.004040404040404019,0,0,0,0,603.0333333333333,162.60000000000002,-0.19999999999999996,0.8246941045606142,0.47730122517657614,0.26060606060603475,0.47730122517657614,0.0016685205784204688,0.862403323736515,0.007070707070707061,0.39420695046793175,0.5166666666666667,0.0016685205784204688,0.5166666666666666,0.007070707070707061,0,0,0,0,1,0,NA,NA,NA,NA,NA,NA,NA,NA,NA,NA,NA,NA,NA,NA,NA,NA,NA,NA,NA,NA,NA,NA,NA,NA,NA,NA,NA,NA,NA,NA,NA,NA,NA,NA,NA,NA,NA,NA,NA,NA,NA,NA,NA,NA
wedelia,F,0.122641509,12_3_2017,3:07,1,1,354,351,17,34,BW,L,30,669.6666666666666,637.4915887850467,-32.41830065359477,-0.006837606837606813,-0.6133905080483347,0.8462762622035964,-3.5509157273214846,0.8462762622035964,0.0013329150147837596,0.8999659001387567,0.002977622025241045,0.8383602338389031,0.5048433048433049,0.4666666666666667,0.0013329150147837596,0.0065628476084538395,0.499697656840514,0.4666666666666667,0.002977622025241045,0.020202020202020186,0,0,0,0,637,-75.5,0,0.819799777530589,0.9354527592012709,0.9050505050505101,0.9354527592012709,-3.337041156841022e-4,0.862403323736515,0.0010101010101009947,0.6743319349967767,0.5166666666666667,-3.337041156841022e-4,0.5166666666666666,0.0010101010101009947,0,0,0,0,0,0,F,1450,SDN,0.06331417624521073,0.7199616858237547,3,4.333333333333333,36.77777777777778,2.430555555555556,0.46619736962338637,0.4929723469358574,6,2,3,3,0,1,1,0,0.01925722145804674,0.8836805555555557,NA,0.11570247933884283,0.870242214532872,NA,1,1,0.03943879098940303,0.7524936490337828,NA,NA,NA,low,1,0,46,70.825,46,0.6666666666666666,1,1,2,0.4514688885068012,0.4929723469358574
grayson,M,0.286666667,12_3_2017,2:15,1,1,358,218,6,92,BW,L,9,677.6666666666666,649.1831775700934,NA,NA,0.08047637687864087,0.8840836499205491,2.6015695115405224,0.8840836499205491,-7.662835249042216e-4,0.737681811626757,-0.0026340502530978966,0.6098340436734594,0.48518518518518516,0.4583333333333333,-7.662835249042216e-4,0.00839822024471635,0.48858654572940285,0.4583333333333333,-0.0026340502530978966,0.027777777777777762,0,0,0,0,652.5,NA,NA,2.0636262513904327,0.9588962424600657,9.143434343434341,0.9588962424600657,-0.002447163515016696,1,-0.0101010101010101,0.20903715468027073,0.5,-0.002447163515016696,0.5,-0.0101010101010101,0,0,0,0,NA,NA,M,1097,SDN,0.3258429118773946,0.30765900383141764,2.6666666666666665,4.333333333333333,36.22222222222222,16.225,0.4562452926553839,0.5629222972972973,9,8,3,3,3,3,3,2,0.6522157996146439,0.5095415117719952,0.2276052788182171,1,1,0,1,2,0.9977193192858387,0.6325925670915944,0.005699928850000039,0.7062559621048525,low,low,1,1,33.19285714285714,32.959375,33.19285714285714,0.5,1,2,1,0.46312086340161873,0.6666666666666666
wildflower,F,1,12_13_2017,10:41,1,1,494,487,5,40,KW,L,30,612.8666666666667,607.3906542056075,314.43267973856206,-0.2170940170940171,-4.454980724292111,0.41478368650944547,-8.559703703703649,0.41478368650944547,0.0025536446003631722,0.7857793945936623,0.004287775716347144,0.4752458321391804,0.5250712250712251,0.5083333333333333,0.0025536446003631722,0.003503893214682981,0.526379440665155,0.5083333333333333,0.004287775716347144,0.01363636363636363,0,0,0,0,554.0666666666667,-70.20000000000005,0.19999999999999996,10.36262513904339,0.1284291853368579,36.08484848484849,0.1284291853368579,-0.01190211345939933,0.32481302983632676,-0.03939393939393938,0.5176341185833455,0.5833333333333334,-0.01190211345939933,0.5833333333333333,-0.03939393939393938,0,0,0,0,0,0,F,2710,NSD,0.30075095785440614,0.19624137931034483,2.7777777777777777,2.5555555555555554,23.555555555555557,20.833333333333332,0.3609409035190732,0.2739884393063584,8,5,3,3,3,1,2,3,0.3544176706827311,0.29377468497272896,0.3293584886774328,0.369942196531792,0.5,0,0,0,0.5253087550153003,0.22021012631919012,0.025847559304012,0.6567212865637704,non,non,0,0,103.31666666666666,56.99166666666667,103.31666666666666,0,1,1,0,0.3258502814442976,0.289980732177264
gendry,M,NA,10_31_2017,2:40,1,0,NA,5,4,295,DH,L,22,551.775,626.2565543071161,NA,0.14444444444444438,4.300984487151127,0.3028975638070487,12.402363679976297,0.3028975638070487,-0.0049314052651093865,0.982489783261978,-0.012173893126274088,0.8782461752097386,0.5018518518518519,0.5833333333333334,-0.0049314052651093865,-0.005672969966629595,0.5052532123960696,0.5833333333333333,-0.012173893126274088,-0.019191919191919208,0,0,0,0,574.3,-184.3,0.20000000000000007,9.67474972191325,0.441685528799845,29.260606060606076,0.441685528799845,-0.01001112347052281,0.47243809905687184,-0.030303030303030328,0.8352679315676869,0.5666666666666667,-0.01001112347052281,0.5666666666666667,-0.030303030303030328,0,0,0,0,0,0,NA,NA,NA,NA,NA,NA,NA,NA,NA,NA,NA,NA,NA,NA,NA,NA,NA,NA,NA,NA,NA,NA,NA,NA,NA,NA,NA,NA,NA,NA,NA,NA,NA,NA,NA,NA,NA,NA,NA,NA,NA,NA,NA,NA
gabriel,M,NA,9_6_2017,1:22,1,0,NA,10,5,14,DH,NA,NA,NA,NA,NA,NA,NA,NA,NA,NA,NA,NA,NA,NA,NA,NA,NA,NA,NA,NA,NA,NA,NA,NA,NA,NA,NA,NA,NA,NA,NA,NA,NA,NA,NA,NA,NA,NA,NA,NA,NA,NA,NA,NA,NA,NA,NA,M,2050,DSN,0.06776436781609194,0.505080459770115,4.166666666666667,6,54.5,6.737500000000002,0.5917746343180567,0.5593344217982923,6,6,3,1,2,3,1,2,0.5649674204676122,0.7140486980566864,0.5709249121607773,0.10336538461538422,1,0.6263205730871846,1,2,0.8667000237146567,0.16637842211630044,0.2936597216981074,0.7490842427053411,low,low,1,1,11.192600000000002,42.4674,11.192600000000002,0.5,2,1,1,0.6166470102283587,0.5765619859008563
gretchen,F,NA,10_17_2017,9:24,1,0,NA,17,6,18,DH,R,30,747.3916666666667,605.7682242990654,-61.92222222222222,0.007692307692307665,7.219671423318228,0.011380249136005896,23.700077294685855,0.011380249136005896,-0.005785155395833926,0.5844481322128461,-0.019514876657733805,0.5397630422286757,0.532051282051282,0.375,-0.005785155395833926,0.012291434927697444,0.5321239606953893,0.375,-0.019514876657733805,0.03787878787878787,1,1,0,0,592.6166666666667,-103.09999999999991,0,8.59010011123471,0.7909840639623269,28.14242424242424,0.7909840639623269,-0.005339265850945504,0.4575448363239035,-0.01818181818181821,1,0.5666666666666667,-0.005339265850945504,0.5666666666666667,-0.01818181818181821,0,0,0,0,0,0,F,2879,NDS,0.17637547892720307,0.41888888888888887,6.333333333333333,6.777777777777778,108.44444444444444,2.205555555555555,0.5798771221679269,0.5556768558951964,9,8,2,3,3,2,3,2,0.6842313787638669,1,0.2113526570048309,0.7227074235807857,1,0.5,2,2,0.030314825143480034,0.546493595406582,0.005711008775698185,0.8210975835519595,low,low,1,1,39.69285714285714,18.1098,39.69285714285714,0.3333333333333333,2,3,1,0.6318613452562326,0.7409024745269286
wendy,F,NA,8_31_2017,12:07,1,0,NA,20,4,5,DH,R,27,639.5166666666667,646.7644859813084,177.55555555555554,-0.16666666666666669,-2.3480288957688367,0.6425824879317683,-6.207561996779382,0.6425824879317683,0.001522109086069043,0.9177451483162634,0.005446757827710208,0.76953125,0.4821937321937322,0.49166666666666664,0.001522109086069043,-5.5617352614014884e-5,0.48488284202569915,0.49166666666666664,0.005446757827710208,0.0015151515151515104,0,0,0,0,597.1666666666666,-235.5,0.4,10.822469410456065,0.6322798559025433,31.59191919191919,0.6322798559025433,-0.013014460511679647,0.525548635108673,-0.03737373737373737,0.7977135629736372,0.55,-0.013014460511679647,0.55,-0.03737373737373737,0,0,0,0,0,0,F,3437,NSD,0.23418007662835252,0.329272030651341,7.333333333333333,10.11111111111111,94.55555555555556,2.566666666666667,0.49369367024178457,0.5337161814632942,9,9,3,3,3,3,3,3,0.6112499999999996,0.44186888808402736,0.3373246664385904,0.7338582677165353,0.6600000000000001,0.2804878048780489,1,2,0.06515107463068219,0.9190679644104038,0.25645194014304007,0.6636585138945696,low,low,1,1,3.9874999999999994,5.7178571428571425,3.9874999999999994,0.5,2,2,3,0.4634811848408725,0.5581153575315281
gilly,F,NA,10_31_2017,1:06,1,0,NA,36,9,414,DH,L,30,745.025,667.8635514018691,64.1908496732027,-0.047863247863247915,-2.3279069546753846,0.052237650365416374,-7.027096081588802,0.052237650365416374,0.001964195735052236,0.5149338298516457,0.005840720126434396,0.47642205270102317,0.4598290598290598,0.36666666666666664,0.001964195735052236,0.01090100111234705,0.4600907029478458,0.36666666666666664,0.005840720126434396,0.03333333333333335,0,0,0,0,763.6666666666666,42.89999999999998,0,-5.074527252502777,0.01351629161107218,-16.004040404040396,0.01351629161107218,0.004894327030033366,0.05157860175399152,0.016161616161616148,0.0733115879579402,0.3333333333333333,0.004894327030033366,0.3333333333333333,0.016161616161616148,1,1,0,0,0,0,NA,NA,NA,NA,NA,NA,NA,NA,NA,NA,NA,NA,NA,NA,NA,NA,NA,NA,NA,NA,NA,NA,NA,NA,NA,NA,NA,NA,NA,NA,NA,NA,NA,NA,NA,NA,NA,NA,NA,NA,NA,NA,NA,NA
wes,M,NA,10_17_2017,10:29,1,0,NA,285,15,97,DH,L,19,698.7583333333333,675.229906542056,75.63333333333333,-0.0888888888888889,-4.117102594213707,0.22868320071607479,-11.814529253891505,0.22868320071607479,0.005401062909405501,0.4950227279336575,0.013745161364208948,0.4746707816123811,0.4685185185185185,0.45,0.005401062909405501,0.007119021134593998,0.4651171579743008,0.45,0.013745161364208948,0.022222222222222206,0,0,0,0,664.1833333333333,188.5,-0.19999999999999996,-3.032369299221357,0.6114578145199779,-7.53434343434343,0.6114578145199779,0.0041156840934371405,0.862403323736515,0.011111111111111087,0.5310559531169999,0.48333333333333334,0.0041156840934371405,0.4833333333333333,0.011111111111111087,0,0,0,0,1,0,NA,NA,NA,NA,NA,NA,NA,NA,NA,NA,NA,NA,NA,NA,NA,NA,NA,NA,NA,NA,NA,NA,NA,NA,NA,NA,NA,NA,NA,NA,NA,NA,NA,NA,NA,NA,NA,NA,NA,NA,NA,NA,NA,NA
watson,M,NA,9_13_2017,12:06,0,0,NA,NA,28,33,DH,R,0,628.1666666666666,594.2018691588785,NA,NA,1.3083904487384785,0.011845239806537133,4.683542673107901,0.011845239806537133,-4.4493882091213317e-4,0.557258986997432,-0.0051306717973384755,0.8369957300480487,0.5518518518518518,0.5166666666666667,-4.4493882091213317e-4,0.0011123470522803119,0.5465608465608466,0.5166666666666666,-0.0051306717973384755,0.0030303030303030177,1,1,0,0,593.1166666666667,NA,NA,0.23259176863182432,0.583328989702022,1.433333333333365,0.583328989702022,-1.1123470522803562e-4,0.5859555137916794,-0.001010101010101039,0.9023103885961825,0.55,-1.1123470522803562e-4,0.5499999999999999,-0.001010101010101039,0,0,0,0,NA,NA,M,1968,DNS,0.12693965517241376,0.19114224137931035,4.375,4.5,32.375,13.6425,0.44566332182800933,0.43201647193976944,8,8,3,3,2,3,3,2,0.271018593371059,0.5554896142433235,0.44530892882336304,0,1,0.1527724021273239,0,1,0.4247106210708153,0.5831368486567914,0.12429478504790943,0.6590640627067738,low,non,1,0,14.733,27.59,14.733,0.5,2,1,1,0.42393904547924854,0.38425746737577465
gina,F,NA,9_13_2017,11:10,0,0,NA,NA,5,10,DH,L,30,644.675,661.9682242990655,33.56013071895427,-0.027350427350427364,2.8994114088466603,0.993085561316465,8.368349973161546,0.993085561316465,-0.002751395187435237,0.6879226525879201,-0.008364827412446482,0.7220491421508173,0.47492877492877494,0.5,-0.002751395187435237,-0.0015572858731924333,0.4743764172335601,0.5,-0.008364827412446482,-0.007070707070707085,0,0,0,0,625.35,354.6,-0.30000000000000004,-6.157397107897673,0.5123215778532472,-15.522222222222217,0.5123215778532472,0.005005561735261397,0.8484173099490682,0.0111111111111111,1,0.5166666666666667,0.005005561735261397,0.5166666666666666,0.0111111111111111,0,0,0,0,1,1,F,2687,DNS,0.2641992337164751,0.331,5.777777777777778,4.555555555555555,55.111111111111114,3.7243333333333326,0.5345077365698145,0.4000356956239309,9,8,3,3,3,3,3,2,0.8803087209542285,0.6056711201307848,0.5336153051689373,0,0.07501083971672186,0.5626373626373625,2,0,0.24513004845176012,0.7669476597097331,0.0019311912804944142,0.8835658386254671,non,low,0,0,50.29116666666667,42.492,50.29116666666667,0.5,3,3,2,0.6731983820846502,0.2125494007846948
gail,F,NA,8_31_2017,11:10,0,0,NA,NA,8,12,DH,R,25,609.4416666666667,589.196261682243,398.9333333333333,-0.41111111111111115,-6.350859162781832,0.010774364263331896,-18.090428341384733,0.010774364263331896,0.005153874675565438,0.38048339714686147,0.016557868938821312,0.3576997405045187,0.5537037037037037,0.525,0.005153874675565438,0.003058954393770863,0.5571050642479214,0.525,0.016557868938821312,0.008585858585858573,1,1,0,0,559.0166666666667,153,-0.09999999999999998,4.576529477196895,0.8771292794530159,15.518181818181834,0.8771292794530159,-0.006674082313681866,0.2074295310956181,-0.02222222222222222,0.442770873987768,0.6,-0.006674082313681866,0.6,-0.02222222222222222,0,0,0,0,0,0,NA,NA,NA,NA,NA,NA,NA,NA,NA,NA,NA,NA,NA,NA,NA,NA,NA,NA,NA,NA,NA,NA,NA,NA,NA,NA,NA,NA,NA,NA,NA,NA,NA,NA,NA,NA,NA,NA,NA,NA,NA,NA,NA,NA
gemma,F,NA,12_13_2017,12:18,0,0,NA,NA,1,13,KW,L,26,712.1666666666666,647.9177570093458,158.24444444444453,-0.1444444444444445,-3.9524358563751827,0.9184974749896253,-14.422393988190976,0.9184974749896253,0.004226918798665181,0.8558275103303675,0.013165670308527453,0.9056954420343094,0.4925925925925926,0.4083333333333333,0.004226918798665181,0.006840934371523918,0.4895691609977324,0.4083333333333333,0.013165670308527453,0.01767676767676767,0,0,0,0,584.0666666666667,615,-0.6,-13.301446051167968,0.900377432955656,-38.27070707070704,0.900377432955656,0.012458286985539484,0.7056496422154057,0.036363636363636355,1,0.5333333333333333,0.012458286985539484,0.5333333333333333,0.036363636363636355,0,0,0,0,1,1,F,2823,NSD,0.035632183908045977,0.0568007662835249,2.6666666666666665,4.333333333333333,36.111111111111114,12.03888888888889,0.43452735202202486,0.42079682420169956,9,8,3,3,3,3,3,2,0.4261127596439169,0.4305804907241174,0.20684931506849316,0,0.22568093385213994,0.5,0,0,0.24334034629500295,0.6117679367174873,0.008706840098416364,0.7196107398947735,non,non,0,0,51.81,23.729166666666668,51.81,0,1,1,0,0.35451418847884253,0.24189364461737997
gordon,M,NA,12_13_2017,12:00,0,0,NA,NA,1,19,KW,L,30,715.3833333333333,651.5102803738317,68.79869281045751,-0.011111111111111127,-2.085410483612695,0.7301696393601971,-8.403323671497573,0.7301696393601971,6.674082313681834e-4,0.8030661900083105,0.005895691609977311,0.721814730439508,0.48518518518518516,0.45,6.674082313681834e-4,0.007452725250278085,0.48858654572940285,0.45,0.005895691609977311,0.02323232323232321,0,0,0,0,709.8666666666667,235.80000000000007,-0.2,-4.610901001112344,0.235723285098948,-14.759595959595949,0.235723285098948,0.004004449388209114,0.7151627523857104,0.012121212121212095,0.14782567034901337,0.4666666666666667,0.004004449388209114,0.4666666666666666,0.012121212121212095,0,0,0,0,1,0,M,2156,NSD,0.39620689655172414,0.2227241379310345,5.222222222222222,3.6666666666666665,22.22222222222222,12.283555555555555,0.18069139441454982,0.3333333333333333,7,3,1,3,3,0,1,2,0.0380204042836323,0.1269951422623176,0,NA,1,0,0,1,0.010593674990106368,0.05024291912937796,0,0.7728299926844475,low,non,1,0,94.125,86.32514285714286,94.125,0.6666666666666666,1,1,2,0.055005182181983296,0.5
wahida,F,NA,12_3_2017,3:45,0,0,NA,NA,4,23,BW,L,11,663.3,634.6710280373832,-157.84444444444443,0.16666666666666669,-0.6346372015230652,0.8983357592733016,-0.335048845947375,0.8983357592733016,0.0011494252873563197,0.8538132050142191,5.268100506194522e-5,0.681320686529608,0.512962962962963,0.475,0.0011494252873563197,8.342602892102204e-4,0.5095616024187453,0.475,5.268100506194522e-5,5.050505050504974e-4,0,0,0,0,651.3,62.5,-0.10000000000000003,-6.434260289210237,0.8510690389766766,-17.74949494949495,0.8510690389766766,0.006785317018909901,0.862403323736515,0.019191919191919177,0.21214072597548927,0.48333333333333334,0.006785317018909901,0.4833333333333333,0.019191919191919177,0,0,0,0,0,0,F,1535,SDN,0.1504022988505747,0.568639846743295,5.333333333333333,6.555555555555555,47.666666666666664,3.9138888888888888,0.271544319251127,0.44736405048875383,8,8,3,3,2,3,3,2,0.45445920303605297,0.06848802395209569,0.1476306196840823,0.7073170731707311,0,0.4357976653696498,0,1,0.03823246836309187,0.13952696844257642,0.007763569804689938,0.608247652417139,low,non,1,0,55.325,25.54,25.005000000000003,0.6666666666666666,1,2,1,0.22352594889074365,0.381038246180127
willis,M,NA,8_24_2017,2:25,0,0,NA,NA,3,22,DH,L,24,681.475,669.1532710280374,249.34444444444443,-0.28888888888888886,-4.836529660866157,0.1911993796854466,-13.037470746108394,0.1911993796854466,0.004746014089729327,0.6371948115647506,0.01487436725531963,0.9187600955117996,0.46296296296296297,0.45,0.004746014089729327,0.0012235817575083428,0.46636432350718066,0.44999999999999996,0.01487436725531963,0.005050505050505028,0,0,0,0,661.1333333333333,268.9,-0.3,-4.456284760845378,0.816611475372431,-12.50909090909088,0.816611475372431,0.005561735261401554,0.7056496422154057,0.016161616161616155,0.3951080685904922,0.4666666666666667,0.005561735261401554,0.4666666666666667,0.016161616161616155,0,0,0,0,1,1,M,2235,SDN,0.07720306513409961,0.18,3.5555555555555554,4.222222222222222,26.88888888888889,32.61666666666667,0.232649123508876,0.14480711233978386,8,8,3,3,3,3,3,3,0.4764285714285714,0.015558698727015487,0.11240992794235394,0,0,0,0,0,0.02433433800009984,0.05747074469647431,5.870842036764304e-4,0.08070813375119286,non,non,0,0,67.275,5.787499999999999,67.275,0,1,1,0,0.20146573269931362,0
waldhurga,F,NA,10_10_2017,1:07,0,0,NA,NA,8,56,DH,L,26,585.1416666666667,640.8,-68.78888888888889,0.06666666666666665,1.0115011328185088,0.5903901735113007,4.432315619967747,0.5903901735113007,-0.0017654944240038778,0.9917092927425266,-0.004897042992281094,0.9527235817670947,0.4933048433048433,0.575,-0.0017654944240038778,-0.005728587319243604,0.4963718820861678,0.575,-0.004897042992281094,-0.013636363636363624,0,0,0,0,645.6333333333333,84.79999999999995,-0.09999999999999998,-3.6102335928809888,0.8858517600588698,-12.276767676767696,0.8858517600588698,0.007452725250278088,0.8581703993078537,0.023232323232323226,0.19337316310500352,0.48333333333333334,0.007452725250278088,0.48333333333333334,0.023232323232323226,0,0,0,0,0,0,F,3066,SND,0.33371647509578545,0.05986590038314177,2.5555555555555554,2.4444444444444446,18.555555555555557,14.630555555555556,0.41259204442701325,0.1963470319634703,9,6,3,3,3,2,2,2,0.4285209684670219,0.44810704960835496,0.3027586206896551,0.5,0,0.08904109589041093,0,0,0.6451568532689372,0.44360727160540814,4.580370978032415e-4,0.1824224394517357,non,non,0,0,63.875,72.102125,63.875,0.5,2,1,2,0.39312887958834397,0.1963470319634703
gibson,M,NA,12_13_2017,11:42,0,0,NA,NA,4,84,KW,L,30,656.05,659.8130841121496,-251.5725490196079,0.24444444444444446,1.9284305422108177,0.14067628339514546,4.012998389694008,0.14067628339514546,-0.002842664689160793,0.504647693024441,-0.0053093291188529386,0.9187074054282888,0.48148148148148145,0.49166666666666664,-0.002842664689160793,-0.005172413793103461,0.4845049130763417,0.49166666666666664,-0.0053093291188529386,-0.016666666666666673,0,0,0,0,659.9333333333333,-598.8,0.5,13.936373748609578,0.9208039719250427,38.989898989898975,0.9208039719250427,-0.011234705228031144,0.8535307181920979,-0.03131313131313133,0.494299714013027,0.48333333333333334,-0.011234705228031144,0.48333333333333334,-0.03131313131313133,0,0,0,0,0,0,M,2023,NSD,0.2502413793103448,0.4854214559386973,5.888888888888889,4.888888888888889,50,3.6821111111111104,0.3214310815760527,0.2562157606405394,8,6,3,2,3,2,1,3,0.5266666666666666,0.1996775679410413,0,0.7686472819216184,0,0,0,1,0.1537721438967483,0.18570792180274728,0.006840978047058498,0.2665205258050108,low,non,1,0,39.583,16.192142857142855,39.583,0.5,1,1,1,0.24211474486923598,0.25621576064053947
grant,M,NA,10_10_2017,2:09,0,0,NA,NA,3,107,DH,R,13,655.8083333333333,652.5532710280373,-18.955555555555634,0.0222222222222222,-2.718233514821516,0.25329314806480757,-8.089625335480344,0.25329314806480757,0.0038808552712890753,0.9817304958612704,0.009592523878238156,0.35453947977350136,0.4925925925925926,0.48333333333333334,0.0038808552712890753,-0.0027808676307007783,0.4891912320483749,0.4833333333333333,0.009592523878238156,-0.009090909090909092,0,0,0,0,671.2666666666667,-0.5,0,-6.420912124582874,0.4482827390974172,-18.216161616161628,0.4482827390974172,0.007119021134593991,0.7238115292533962,0.020202020202020186,0.07413691310373889,0.4666666666666667,0.007119021134593991,0.4666666666666666,0.020202020202020186,0,0,0,0,0,0,NA,NA,NA,NA,NA,NA,NA,NA,NA,NA,NA,NA,NA,NA,NA,NA,NA,NA,NA,NA,NA,NA,NA,NA,NA,NA,NA,NA,NA,NA,NA,NA,NA,NA,NA,NA,NA,NA,NA,NA,NA,NA,NA,NA
winter,F,NA,10_10_2017,12:45,0,0,NA,NA,7,131,DH,L,26,715.05,693.3532710280374,229.41111111111115,-0.2555555555555556,-9.533395964556382,6.339294449096204e-4,-30.416843800321935,6.339294449096204e-4,0.011074032876035101,0.5351659826984039,0.033161547447261734,0.3580133237520272,0.44814814814814813,0.4166666666666667,0.011074032876035101,0.0018909899888765295,0.44474678760393044,0.41666666666666663,0.033161547447261734,0.006060606060606054,1,1,0,0,693.7166666666667,101,-0.10000000000000003,-5.7678531701891,0.4526753082166181,-19.69797979797979,0.4526753082166181,0.00600667408231368,0.4575448363239035,0.02020202020202018,0.10127947350472816,0.43333333333333335,0.00600667408231368,0.4333333333333333,0.02020202020202018,0,0,0,0,0,0,F,2868,SND,0.33876245210727973,0.16628352490421455,15.11111111111111,7.111111111111111,97.77777777777777,1.5283333333333333,0.4921498497267916,0.6780586730702488,9,9,3,3,3,3,3,3,0.5974594831362242,0.4218262694504137,0.4967339557884638,1,0.4007790845756236,1,0,2,0.5688024737557376,0.8517170880490149,0.02516289954483832,0.18462451562339968,low,non,1,1,17.58175,16.35611111111111,17.58175,0.5,1,3,2,0.5053399027917006,0.8002596948585412
willow,F,NA,8_31_2017,11:48,0,0,NA,NA,9,157,DH,R,30,581.2083333333334,675.6429906542056,-18.098692810457464,-0.022222222222222254,-1.2460140208533481,0.2001818924446582,3.9936253354803872,0.2001818924446582,0.0032752440983809146,0.6510486004578115,-0.0016147873290730528,0.1845725528398829,0.45740740740740743,0.6083333333333333,0.0032752440983809146,-0.01751946607341491,0.45136054421768707,0.6083333333333333,-0.0016147873290730528,-0.04393939393939396,0,0,0,0,668.55,49,0,-3.8991101223581843,0.9853155607917649,-4.089898989899008,0.9853155607917649,0.001334816462736362,0.7238115292533962,-0.004040404040404052,0.07413691310373889,0.4666666666666667,0.001334816462736362,0.4666666666666666,-0.004040404040404052,0,0,0,0,0,0,NA,NA,NA,NA,NA,NA,NA,NA,NA,NA,NA,NA,NA,NA,NA,NA,NA,NA,NA,NA,NA,NA,NA,NA,NA,NA,NA,NA,NA,NA,NA,NA,NA,NA,NA,NA,NA,NA,NA,NA,NA,NA,NA,NA
garrett,M,NA,9_6_2017,1:01,0,0,NA,NA,39,247,DH,NA,NA,NA,NA,NA,NA,NA,NA,NA,NA,NA,NA,NA,NA,NA,NA,NA,NA,NA,NA,NA,NA,NA,NA,NA,NA,NA,NA,NA,NA,NA,NA,NA,NA,NA,NA,NA,NA,NA,NA,NA,NA,NA,NA,NA,NA,NA,NA,NA,NA,NA,NA,NA,NA,NA,NA,NA,NA,NA,NA,NA,NA,NA,NA,NA,NA,NA,NA,NA,NA,NA,NA,NA,NA,NA,NA,NA,NA,NA,NA,NA,NA,NA,NA,NA,NA,NA,NA,NA,NA,NA
george,M,NA,8_31_2017,10:30,0,0,NA,NA,43,294,DH,R,25,642.5916666666667,602.7757009345794,289.0444444444445,-0.3222222222222222,-2.5207506257191374,0.14437834882269246,-10.161736983360125,0.14437834882269246,0.0023853664565566613,0.7133677473476019,0.011844064225016614,0.7209291699498709,0.5314814814814814,0.5,0.0023853664565566613,-0.005895439377085657,0.5348828420256991,0.5,0.011844064225016614,-0.021212121212121213,0,0,0,0,651.6333333333333,-90.70000000000005,0,3.4100111234705324,0.8539746807231009,5.844444444444468,0.8539746807231009,-2.224694104560619e-4,0.7056496422154057,0.004040404040404026,0.3346631206924192,0.4666666666666667,-2.224694104560619e-4,0.4666666666666667,0.004040404040404026,0,0,0,0,0,0,M,2222,NSD,0.10057471264367816,0.12442528735632184,2.3333333333333335,3.111111111111111,26.11111111111111,9.702777777777778,0.4974310363413205,0.46997150091047424,9,9,3,3,3,3,3,3,0.28077416096954644,0.8544355946168636,0.5004376367614878,0,1,0.36833046471600683,1,1,0.2827154871869001,0.9828566660200055,0.005897970368718591,0.8029638744383367,low,low,1,0,30.017857142857142,40.8125,30.017857142857142,0.3333333333333333,2,2,1,0.5452157974492993,0.45611015490533563
whitney,F,NA,9_6_2017,3:11,0,0,NA,NA,5,283,DH,R,22,722.3333333333334,596.3484112149532,-146.7555555555556,0.1444444444444445,8.634429237393656,0.008060795002869556,22.846570907138894,0.008060795002869556,-0.009492028179458661,0.9168567770587621,-0.023594218832314093,0.6830913983096087,0.5296296296296297,0.4083333333333333,-0.009492028179458661,0.010177975528364847,0.532464096749811,0.4083333333333333,-0.023594218832314093,0.026767676767676763,1,1,0,0,708.2666666666667,-314.88,0.39999999999999997,10.861846496106788,0.42224550532627136,30.20282828282829,0.42224550532627136,-0.012903225806451608,0.27851285586063207,-0.03636363636363638,0.02802928332365361,0.4,-0.012903225806451608,0.39999999999999997,-0.03636363636363638,0,0,0,1,0,0,NA,NA,NA,NA,NA,NA,NA,NA,NA,NA,NA,NA,NA,NA,NA,NA,NA,NA,NA,NA,NA,NA,NA,NA,NA,NA,NA,NA,NA,NA,NA,NA,NA,NA,NA,NA,NA,NA,NA,NA,NA,NA,NA,NA
gabi,F,NA,9_13_2017,10:50,0,0,NA,NA,3,284,DH,L,29,644.8416666666667,598.4579439252336,-476.87777777777774,0.5111111111111112,15.513044138405457,0.0886152116050407,48.50501341921612,0.0886152116050407,-0.01740205166234087,0.7605472828191062,-0.053187200806248426,0.7596144888058398,0.5407407407407407,0.49166666666666664,-0.01740205166234087,-0.0033926585094549507,0.542819349962207,0.49166666666666664,-0.053187200806248426,-0.012626262626262666,0,0,0,0,596.5166666666667,-550.7,0.6,16.208120133481653,0.9208283097805237,51.8151515151515,0.9208283097805237,-0.020133481646273637,0.5859555137916794,-0.06363636363636367,0.8368893314349704,0.55,-0.020133481646273637,0.5499999999999999,-0.06363636363636367,0,0,0,0,0,0,F,3248,DNS,0.18208812260536397,0.24942528735632186,8.222222222222221,5.333333333333333,71.44444444444444,8.744444444444445,0.4527042927173649,0.39140369769017325,9,9,3,3,3,3,3,3,0.3236174885206627,0.5873799725651574,0.4104833219877467,0,0.10238907849829347,1,0,1,0.47208570344470296,0.3791944849834288,0.008941473303282647,0.46313073982173036,low,non,1,0,25.457142857142856,15.174999999999999,25.457142857142856,0.6,1,1,2,0.44049359435785557,0.36746302616609783
gavin,M,NA,9_6_2017,1:42,0,0,NA,NA,NA,NA,DH,L,6,641.72,635.4721495327103,NA,NA,0.2232154015871245,0.3153287969668088,0.1747203435319152,0.3153287969668088,7.168458781361914e-4,0.7883433963343047,6.138482328958522e-4,0.4738046981936423,0.5074074074074074,0.5,7.168458781361914e-4,-0.004004449388209129,0.5040060468631897,0.5,6.138482328958522e-4,-0.014141414141414139,0,0,0,0,672.08,NA,NA,-4.99808676307008,0.5508979536696876,-15.170909090909088,0.5508979536696876,0.005339265850945484,0.7238115292533962,0.016161616161616148,0.07413691310373889,0.4666666666666667,0.005339265850945484,0.4666666666666666,0.016161616161616148,0,0,0,0,NA,NA,M,1992,DSN,0.14453448275862069,0.8208333333333333,2.6666666666666665,5.833333333333333,32.333333333333336,3.8040000000000003,0.45984590778030077,0,6,2,3,1,2,0,1,1,1,0.5015301750520259,0.12877263581488937,NA,0,0,1,0,0.16218157441337935,0.8384659109907322,NA,NA,non,low,0,0,97.5875,52.46475,97.5875,0,1,0,0,0.5434342702889717,0
wile,M,NA,12_13_2017,11:18,0,0,NA,NA,NA,NA,KW,R,10,602.9833333333333,677.0242990654206,125.28888888888889,-0.09999999999999998,-0.12610417185627681,0.34734997810728385,-0.2997960279119576,0.34734997810728385,-9.393152885922649e-4,0.7720047356977857,-8.383151240294174e-4,0.3074341659273953,0.46296296296296297,0.525,-9.393152885922649e-4,-0.002391546162402676,0.46636432350718066,0.525,-8.383151240294174e-4,-0.005555555555555563,0,0,0,0,628.4666666666667,-267.6,0.19999999999999996,3.4460511679644057,0.9500948892132121,10.909090909090922,0.9500948892132121,-0.003670745272525028,0.862403323736515,-0.0111111111111111,0.7186381214296826,0.5166666666666667,-0.003670745272525028,0.5166666666666666,-0.0111111111111111,0,0,0,0,0,0,M,2236,NSD,0.092911877394636,0.727911877394636,3.6666666666666665,7.777777777777778,55.77777777777778,3.019444444444444,0.5128424786944414,0.5255555555555558,9,6,3,3,3,2,1,3,0.3764434180138572,0.5877712031558194,0.5990566037735849,0.5,1,0.5000000000000006,0,1,0.007103019293365086,0.359375,0.1943524878889278,0.8951588301056221,low,non,1,0,26.440624999999997,28.605555555555554,26.440624999999997,0.5,2,1,2,0.52109040831442055,0.6666666666666669
garfield,M,NA,10_31_2017,1:27,0,0,NA,NA,NA,NA,DH,L,5,674.1833333333333,663.4654205607477,NA,NA,-5.230419558022817,0.9124053272564777,-15.021359098228565,0.9124053272564777,0.004535904090965276,0.6249965964398867,0.015295815295815302,1,0.4685185185185185,0.45,0.004535904090965276,0.013014460511679635,0.47248677248677245,0.44999999999999996,0.015295815295815302,0.04141414141414142,0,0,0,0,664.9,NA,NA,-4.773303670745277,0.9647645479838374,-12.236363636363663,0.9647645479838374,0.002558398220244713,0.8581703993078537,0.005050505050505031,0.14412703481601527,0.48333333333333334,0.002558398220244713,0.4833333333333333,0.005050505050505031,0,0,0,0,NA,NA,NA,NA,NA,NA,NA,NA,NA,NA,NA,NA,NA,NA,NA,NA,NA,NA,NA,NA,NA,NA,NA,NA,NA,NA,NA,NA,NA,NA,NA,NA,NA,NA,NA,NA,NA,NA,NA,NA,NA,NA,NA,NA,NA,NA
garrison,M,NA,10_10_2017,1:46,0,0,NA,NA,NA,NA,DH,R,5,587.125,639.7869158878505,NA,NA,-0.23502224120137155,0.9277169925592075,0.44872356414385495,0.9277169925592075,0.0011494252873563142,1,2.771478961955089e-4,0.4732249562561902,0.5055555555555555,0.5583333333333333,0.0011494252873563142,-0.008843159065628478,0.5021541950113378,0.5583333333333333,2.771478961955089e-4,-0.02575757575757575,0,0,0,0,607.2,NA,NA,2.095661846496103,0.4158517668070445,7.747474747474732,0.4158517668070445,-0.0022246941045606307,0.7238115292533962,-0.008080808080808102,0.5285173732804749,0.5333333333333333,-0.0022246941045606307,0.5333333333333333,-0.008080808080808102,0,0,0,0,NA,NA,M,2160,SND,0.43984674329501916,0.43703448275862067,2,6.333333333333333,39.22222222222222,6.352777777777778,0.4792582637058709,0.3688902084917123,9,9,3,3,3,3,3,3,0.42070051160960237,0.35780496848350013,0.6315614617940198,0.4608695652173923,0.04255319148936162,0.40650406504065006,1,0,0.44469177390080183,0.7185483438821278,0.03136490382946421,0.33462680974788683,non,low,0,0,19.927666666666667,16.69475,19.927666666666667,0.5,1,1,3,0.4700223139623741,0.303308940582468
gertrude,F,NA,8_24_2017,1:20,0,0,NA,NA,NA,NA,DH,L,16,672.8833333333333,674.7177570093457,32.933333333333394,-0.04444444444444445,-3.6351280500100613,0.3535359682997005,-12.035426731078841,0.3535359682997005,0.00292918057100482,0.5247333044931468,0.012068531116150152,0.4133023795226212,0.4574074074074074,0.4666666666666667,0.00292918057100482,0.00845383759733037,0.46080876795162506,0.4666666666666667,0.012068531116150152,0.024242424242424232,0,0,0,0,695.4333333333333,228.79999999999995,-0.2,-7.124805339265847,0.5387101568117925,-21.87272727272725,0.5387101568117925,0.005450500556173522,0.5730237768324925,0.01717171717171714,0.21398839586682306,0.45,0.005450500556173522,0.44999999999999996,0.01717171717171714,0,0,0,0,1,0,F,2878,SDN,0.2509348659003831,0.22105363984674328,7.444444444444445,8.777777777777779,48.77777777777778,3.2499999999999996,0.47988116526981145,0.4423868312757202,9,6,3,3,3,2,2,2,0.24587458745874538,0.5436241610738257,0.36163522012578603,0.32716049382716056,0.5,0.5,0,0,0.3165691513909684,0.8742063786681604,0.029823872693191013,0.8241408957418852,non,non,0,0,37.46071428571429,72.849375,37.46071428571429,0.6666666666666666,2,2,2,0.38371132288611903,0.4423868312757202
wayne,M,NA,9_13_2017,11:48,0,0,NA,NA,NA,NA,DH,R,1,661.0333333333333,679.1514018691589,NA,NA,-2.484888793993091,0.21976944652200597,-5.566778314546413,0.21976944652200597,0.0015572858731924333,0.611601172534698,0.004361071027737705,0.3583264667488803,0.45185185185185184,0.475,0.0015572858731924333,0.001390433815350388,0.4544973544973545,0.475,0.004361071027737705,0.0035353535353535304,0,0,0,0,691.15,NA,NA,1.74582869855395,0.6296188371896847,7.360606060606065,0.6296188371896847,-0.00300333704115684,0.5859555137916794,-0.011111111111111125,0.04954255769649782,0.45,-0.00300333704115684,0.44999999999999996,-0.011111111111111125,0,0,0,1,NA,NA,M,2115,DNS,0.18812260536398465,0.05488505747126438,4.888888888888889,6.888888888888889,40,9.591666666666667,0.5050366274164041,0.48743479338805656,9,9,3,3,3,3,3,3,0.475184956843403,0.5103873055642552,0.4254234953863105,0.36581196581196573,0.5623268698060943,0.3055555555555563,0,0,0.618006065812831,0.9507148531423681,0.20633369855394812,0.926348008352263,non,non,0,0,15.581833333333336,39.861714285714285,17.954,0.5,2,2,2,0.47033191926465623,0.4112314637245388
wilhelmina,F,NA,10_31_2017,3:28,0,0,NA,NA,NA,NA,DH,R,30,673.7583333333333,626.7121495327103,-72.33790849673198,0.08290598290598289,3.3065537406735204,0.6616717562009968,6.092745034889942,0.6616717562009968,-0.003440670070258496,0.9072783627314952,-0.005804072470739146,1,0.5084045584045584,0.4583333333333333,-0.003440670070258496,0.006729699666295883,0.5095238095238095,0.4583333333333333,-0.005804072470739146,0.015656565656565653,0,0,0,0,628.55,-134,0.09999999999999998,-2.2459399332591725,0.8424363327458608,-9.295959595959582,0.8424363327458608,0.003670745272525028,0.8581703993078537,0.01313131313131312,0.5438661901184723,0.5166666666666667,0.003670745272525028,0.5166666666666666,0.01313131313131312,0,0,0,0,0,0,NA,NA,NA,NA,NA,NA,NA,NA,NA,NA,NA,NA,NA,NA,NA,NA,NA,NA,NA,NA,NA,NA,NA,NA,NA,NA,NA,NA,NA,NA,NA,NA,NA,NA,NA,NA,NA,NA,NA,NA,NA,NA,NA,NA
winnifred,F,NA,10_10_2017,1:26,0,0,NA,NA,NA,NA,DH,L,26,559.4416666666667,603.2056074766355,-248.34444444444443,0.26666666666666666,8.27665444883336,0.18334100597886993,25.031136876006308,0.18334100597886993,-0.009603262884686688,0.5950390199188005,-0.026988707941088895,0.6091340090519572,0.5351851851851852,0.5916666666666667,-0.009603262884686688,-0.002947719688542834,0.5385865457294029,0.5916666666666667,-0.026988707941088895,-0.011616161616161616,0,0,0,0,592.7333333333333,-196.30000000000007,0.19999999999999996,6.092102335928805,0.9618304150573668,18.521212121212102,0.9618304150573668,-0.00634037819799778,0.5859555137916794,-0.01919191919191919,0.7174913183236274,0.55,-0.00634037819799778,0.5499999999999999,-0.01919191919191919,0,0,0,0,0,0,F,2351,SND,0.32871264367816094,0.2495632183908046,2.888888888888889,5.777777777777778,45.888888888888886,4.488777777777778,0.44508408445927095,0.6837208830247233,9,9,3,3,3,3,3,3,0.49907900465521277,0.45582227570700207,0.1534937919395669,1,0.7841530054644807,0.8325456323337679,0,3,0.9508740739010592,0.5574010478751241,0.010071513627982106,0.22779999398822906,low,non,1,1,43.442499999999995,17.868875,8.713000000000001,0.6,2,2,2,0.3694650241005939,0.8722328792660828
winona,F,NA,8_24_2017,1:02,0,0,NA,NA,NA,NA,DH,L,25,644.3,609.6392523364486,-4.155555555555566,-0.011111111111111072,0.35699275233384753,0.04979066200516986,-0.7688416532474274,0.04979066200516986,-0.0011494252873563214,0.8299768562201778,3.962527772051394e-4,0.5397630422286757,0.5277777777777778,0.49166666666666664,-0.0011494252873563214,0.01095661846496106,0.5311791383219955,0.49166666666666664,3.962527772051394e-4,0.03282828282828281,1,1,0,0,621.1,145.10000000000002,-0.19999999999999996,-2.155283648498331,0.4889152118388685,-8.95151515151512,0.4889152118388685,0.0027808676307007805,0.8581703993078537,0.011111111111111118,0.6179700651596239,0.5166666666666667,0.0027808676307007805,0.5166666666666666,0.011111111111111118,0,0,0,0,1,0,F,3227,SDN,0.3596206896551724,0.35395785440613026,5.444444444444445,9.444444444444445,135.33333333333334,1.4746666666666666,0.46399193901809427,0.5562477857926704,9,9,3,3,3,3,3,3,0.20494936695381824,0.8252181332746141,0.39776084375603954,0.24952015355086368,0.79155238617663215,0.6940418679549114,1,2,0.05572961676039821,0.7491975845590193,0.10007491563341936,0.6901769383742762,low,low,1,1,8.920857142857143,10.709111111111111,8.920857142857143,0.5714285714285714,1,2,2,0.47597611466149065,0.5783714692274691
