fish_name,sex,standard_length,order,Trial_9_1_correctside,Trial_9_1_ratio,Trial_9_1_total_entries,Trial_9_1_performance_over_full_4_minutes_ie_correct_screen_proportion_divided_by_sum_proportion_at_both_screens,Trial_9_1_performance_over_T30_to_T50_ie_correct_screen_proportion_divided_by_sum_proportion_at_both_screens,Trial_9_1_was_performance_over_full_4_minutes_greater_than_60_percent,Trial_9_1_was_performance_T30_to_T50_greater_than_60_percent,Trial_9_1_reaction_time,Trial_9_1_latency_to_enter_correct_side,Trial_9_1_latency_to_enter_incorrect_side,Trial_9_1_screen_entered_first,Trial_9_1_time_spent_in_correct_screen_full_4_minutes_absolute_seconds,Trial_9_1_time_spent_in_incorrect_screen_full_4_minutes_absolute_seconds,Trial_9_1_time_spent_in_correct_screen_T30_to_T50_absolute_seconds,Trial_9_1_time_spent_in_incorrect_screen_T30_to_T50_absolute_seconds,Trial_9_3_correctside,Trial_9_3_ratio,Trial_9_3_total_entries,Trial_9_3_performance_over_full_4_minutes_ie_correct_screen_proportion_divided_by_sum_proportion_at_both_screens,Trial_9_3_performance_over_T30_to_T50_ie_correct_screen_proportion_divided_by_sum_proportion_at_both_screens,Trial_9_3_was_performance_over_full_4_minutes_greater_than_60_percent,Trial_9_3_was_performance_T30_to_T50_greater_than_60_percent,Trial_9_3_reaction_time,Trial_9_3_latency_to_enter_correct_side,Trial_9_3_latency_to_enter_incorrect_side,Trial_9_3_screen_entered_first,Trial_9_3_time_spent_in_correct_screen_full_4_minutes_absolute_seconds,Trial_9_3_time_spent_in_incorrect_screen_full_4_minutes_absolute_seconds,Trial_9_3_time_spent_in_correct_screen_T30_to_T50_absolute_seconds,Trial_9_3_time_spent_in_incorrect_screen_T30_to_T50_absolute_seconds,Trial_9_5_correctside,Trial_9_5_ratio,Trial_9_5_total_entries,Trial_9_5_performance_over_full_4_minutes_ie_correct_screen_proportion_divided_by_sum_proportion_at_both_screens,Trial_9_5_performance_over_T30_to_T50_ie_correct_screen_proportion_divided_by_sum_proportion_at_both_screens,Trial_9_5_was_performance_over_full_4_minutes_greater_than_60_percent,Trial_9_5_was_performance_T30_to_T50_greater_than_60_percent,Trial_9_5_reaction_time,Trial_9_5_latency_to_enter_correct_side,Trial_9_5_latency_to_enter_incorrect_side,Trial_9_5_screen_entered_first,Trial_9_5_time_spent_in_correct_screen_full_4_minutes_absolute_seconds,Trial_9_5_time_spent_in_incorrect_screen_full_4_minutes_absolute_seconds,Trial_9_5_time_spent_in_correct_screen_T30_to_T50_absolute_seconds,Trial_9_5_time_spent_in_incorrect_screen_T30_to_T50_absolute_seconds,Trial_10_1_correctside,Trial_10_1_ratio,Trial_10_1_total_entries,Trial_10_1_performance_over_full_4_minutes_ie_correct_screen_proportion_divided_by_sum_proportion_at_both_screens,Trial_10_1_performance_over_T30_to_T50_ie_correct_screen_proportion_divided_by_sum_proportion_at_both_screens,Trial_10_1_was_performance_over_full_4_minutes_greater_than_60_percent,Trial_10_1_was_performance_T30_to_T50_greater_than_60_percent,Trial_10_1_reaction_time,Trial_10_1_latency_to_enter_correct_side,Trial_10_1_latency_to_enter_incorrect_side,Trial_10_1_screen_entered_first,Trial_10_1_time_spent_in_correct_screen_full_4_minutes_absolute_seconds,Trial_10_1_time_spent_in_incorrect_screen_full_4_minutes_absolute_seconds,Trial_10_1_time_spent_in_correct_screen_T30_to_T50_absolute_seconds,Trial_10_1_time_spent_in_incorrect_screen_T30_to_T50_absolute_seconds,Trial_10_3_correctside,Trial_10_3_ratio,Trial_10_3_total_entries,Trial_10_3_performance_over_full_4_minutes_ie_correct_screen_proportion_divided_by_sum_proportion_at_both_screens,Trial_10_3_performance_over_T30_to_T50_ie_correct_screen_proportion_divided_by_sum_proportion_at_both_screens,Trial_10_3_was_performance_over_full_4_minutes_greater_than_60_percent,Trial_10_3_was_performance_T30_to_T50_greater_than_60_percent,Trial_10_3_reaction_time,Trial_10_3_latency_to_enter_correct_side,Trial_10_3_latency_to_enter_incorrect_side,Trial_10_3_screen_entered_first,Trial_10_3_time_spent_in_correct_screen_full_4_minutes_absolute_seconds,Trial_10_3_time_spent_in_incorrect_screen_full_4_minutes_absolute_seconds,Trial_10_3_time_spent_in_correct_screen_T30_to_T50_absolute_seconds,Trial_10_3_time_spent_in_incorrect_screen_T30_to_T50_absolute_seconds,Trial_10_5_correctside,Trial_10_5_ratio,Trial_10_5_total_entries,Trial_10_5_performance_over_full_4_minutes_ie_correct_screen_proportion_divided_by_sum_proportion_at_both_screens,Trial_10_5_performance_over_T30_to_T50_ie_correct_screen_proportion_divided_by_sum_proportion_at_both_screens,Trial_10_5_was_performance_over_full_4_minutes_greater_than_60_percent,Trial_10_5_was_performance_T30_to_T50_greater_than_60_percent,Trial_10_5_reaction_time,Trial_10_5_latency_to_enter_correct_side,Trial_10_5_latency_to_enter_incorrect_side,Trial_10_5_screen_entered_first,Trial_10_5_time_spent_in_correct_screen_full_4_minutes_absolute_seconds,Trial_10_5_time_spent_in_incorrect_screen_full_4_minutes_absolute_seconds,Trial_10_5_time_spent_in_correct_screen_T30_to_T50_absolute_seconds,Trial_10_5_time_spent_in_incorrect_screen_T30_to_T50_absolute_seconds,Trial_11_1_correctside,Trial_11_1_ratio,Trial_11_1_total_entries,Trial_11_1_performance_over_full_4_minutes_ie_correct_screen_proportion_divided_by_sum_proportion_at_both_screens,Trial_11_1_performance_over_T30_to_T50_ie_correct_screen_proportion_divided_by_sum_proportion_at_both_screens,Trial_11_1_was_performance_over_full_4_minutes_greater_than_60_percent,Trial_11_1_was_performance_T30_to_T50_greater_than_60_percent,Trial_11_1_reaction_time,Trial_11_1_latency_to_enter_correct_side,Trial_11_1_latency_to_enter_incorrect_side,Trial_11_1_screen_entered_first,Trial_11_1_time_spent_in_correct_screen_full_4_minutes_absolute_seconds,Trial_11_1_time_spent_in_incorrect_screen_full_4_minutes_absolute_seconds,Trial_11_1_time_spent_in_correct_screen_T30_to_T50_absolute_seconds,Trial_11_1_time_spent_in_incorrect_screen_T30_to_T50_absolute_seconds,Trial_11_3_correctside,Trial_11_3_ratio,Trial_11_3_total_entries,Trial_11_3_performance_over_full_4_minutes_ie_correct_screen_proportion_divided_by_sum_proportion_at_both_screens,Trial_11_3_performance_over_T30_to_T50_ie_correct_screen_proportion_divided_by_sum_proportion_at_both_screens,Trial_11_3_was_performance_over_full_4_minutes_greater_than_60_percent,Trial_11_3_was_performance_T30_to_T50_greater_than_60_percent,Trial_11_3_reaction_time,Trial_11_3_latency_to_enter_correct_side,Trial_11_3_latency_to_enter_incorrect_side,Trial_11_3_screen_entered_first,Trial_11_3_time_spent_in_correct_screen_full_4_minutes_absolute_seconds,Trial_11_3_time_spent_in_incorrect_screen_full_4_minutes_absolute_seconds,Trial_11_3_time_spent_in_correct_screen_T30_to_T50_absolute_seconds,Trial_11_3_time_spent_in_incorrect_screen_T30_to_T50_absolute_seconds,Trial_11_5_correctside,Trial_11_5_ratio,Trial_11_5_total_entries,Trial_11_5_performance_over_full_4_minutes_ie_correct_screen_proportion_divided_by_sum_proportion_at_both_screens,Trial_11_5_performance_over_T30_to_T50_ie_correct_screen_proportion_divided_by_sum_proportion_at_both_screens,Trial_11_5_was_performance_over_full_4_minutes_greater_than_60_percent,Trial_11_5_was_performance_T30_to_T50_greater_than_60_percent,Trial_11_5_reaction_time,Trial_11_5_latency_to_enter_correct_side,Trial_11_5_latency_to_enter_incorrect_side,Trial_11_5_screen_entered_first,Trial_11_5_time_spent_in_correct_screen_full_4_minutes_absolute_seconds,Trial_11_5_time_spent_in_incorrect_screen_full_4_minutes_absolute_seconds,Trial_11_5_time_spent_in_correct_screen_T30_to_T50_absolute_seconds,Trial_11_5_time_spent_in_incorrect_screen_T30_to_T50_absolute_seconds,Trial_9_1_was_fish_in_correct_screen_at_start,Trial_9_3_was_fish_in_correct_screen_at_start,Trial_9_5_was_fish_in_correct_screen_at_start,Trial_10_1_was_fish_in_correct_screen_at_start,Trial_10_3_was_fish_in_correct_screen_at_start,Trial_10_5_was_fish_in_correct_screen_at_start,Trial_11_1_was_fish_in_correct_screen_at_start,Trial_11_3_was_fish_in_correct_screen_at_start,Trial_11_5_was_fish_in_correct_screen_at_start,average_number_of_entries,average_reaction_time,average_performance_across_all_9_testing_trials_using_full_4_minutes_data,average_performance_across_all_9_testing_trials_using_T30_to_T50_data,total_number_of_testing_trials_using_full_4_minutes_data,total_number_of_testing_trials_using_T30_to_T50_data,number_of_trials_on_0.50_ratio_using_full_4_minutes_data,number_of_trials_on_0.67_ratio_using_full_4_minutes_data,number_of_trials_on_0.75_ratio_using_full_4_minutes_data,number_of_trials_on_0.50_ratio_using_T30_to_T50_data,number_of_trials_on_0.67_ratio_using_T30_to_T50_data,number_of_trials_on_0.75_ratio_using_T30_to_T50_data,median_performance_on_0.50_ratio_using_full_4_minutes_data,median_performance_on_0.67_ratio_using_full_4_minutes_data,median_performance_on_0.75_ratio_using_full_4_minutes_data,median_performance_on_0.50_ratio_using_T30_to_T50_data,median_performance_on_0.67_ratio_using_T30_to_T50_data,median_performance_on_0.75_ratio_using_T30_to_T50_data,number_of_medians_above_60_using_full_4_minutes_data,number_of_medians_above_60_using_T30_to_T50_data,shapiro_wilk_test_p_value_using_full_4_minutes_data,was_average_performance_significantly_different_from_0.5_full_4_minutes_p_value_of_either_t_test_or_wilcox,shapiro_wilk_test_p_value_using_T30_to_T50_data,was_average_performance_significantly_different_from_0.5_T30_to_T50_p_value_of_either_t_test_or_wilcox,learning_category_according_to_etheredge_T30_to_T50,learning_category_according_to_etheredge_full_4_minutes,average_latency_to_enter_correct_side,average_latency_to_enter_incorrect_side,proportion_of_correct_first_choices,number_of_trials_in_a_row_greater_than_60_percent_full_4_minutes,number_of_trials_in_a_row_greater_than_60_percent_T30_to_T50,number_of_trials_in_a_row_correct_choice_first,mean_of_median_performance_on_each_ratio_full_four_minutes_data,mean_of_median_performance_on_each_ratio_T30_to_T50_data
wahida,F,1535,SDN,R,67,52.0,0.0,0.0,0.0,0.0,1.6499999999999986,NA,11.200000000000003,NA,0.0,2.9250000000000043,0.0,0.0,L,50,72.0,0.45445920303605297,0.7073170731707311,0.0,1.0,3.8999999999999986,3.8999999999999986,18.799999999999997,correct,11.974999999999987,14.374999999999993,2.8999999999999986,2.8999999999999986,R,75,37.0,NaN,NaN,NA,NA,5.899999999999999,NA,NA,NA,0.0,0.0,0.0,0.0,R,75,51.0,0.2952612393681646,0.8715953307392996,0.0,1.0,0.8249999999999993,10.075000000000003,NA,NA,12.149999999999977,29.000000000000032,5.599999999999994,5.599999999999994,L,67,49.0,0.06848802395209569,0.0,0.0,0.0,1.0,206.925,1.5,incorrect,4.574999999999989,62.22499999999997,0.0,0.0,R,50,40.0,0.10234337637494084,0.0,0.0,0.0,16.625,91.625,NA,NA,5.350000000000037,46.925000000000004,0.0,0.0,R,50,44.0,1.0,1.0,1.0,1.0,1.6750000000000007,16.075000000000003,NA,NA,6.3999999999999915,0.0,3.4749999999999943,3.4749999999999943,L,75,80.0,0.0,0.0,0.0,0.0,2.450000000000003,NA,2.450000000000003,NA,0.0,25.17499999999999,0.0,0.0,L,67,44.0,0.25180271127776166,1.0,0.0,1.0,1.1999999999999993,3.3500000000000014,93.75,correct,21.82499999999999,64.85,14.875,14.875,NA,0.0,NA,0.0,0.0,0.0,0.0,NA,0.0,52.111111111111114,3.9138888888888888,0.271544319251127,0.44736405048875383,8,8,3,3,2,3,3,2,0.45445920303605297,0.06848802395209569,0.1476306196840823,0.7073170731707311,0.0,0.4357976653696498,0.0,1.0,0.03823246836309187,0.13952696844257642,0.007763569804689938,0.608247652417139,low,non,55.325,25.54,0.6666666666666666,1.0,2.0,1.0,0.22352594889074365,0.381038246180127
wheatley,M,2380,NSD,R,75,53.0,0.7296110414052696,0.5060728744939273,1.0,0.0,1.375,9.825000000000003,16.950000000000003,correct,58.150000000000006,21.55000000000002,3.125,3.125,L,67,76.0,0.5970100333230146,0.24984703242912537,0.0,0.0,1.0,18.775,7.122,incorrect,65.572,44.26200000000003,1.2250000000000014,1.2250000000000014,R,50,55.0,0.5122950819672133,1.0,0.0,1.0,2.200000000000003,2.200000000000003,91.0,correct,49.99999999999999,47.599999999999966,2.3999999999999986,2.3999999999999986,R,67,94.0,0.594307162965281,0.4615384615384616,0.0,0.0,1.0,1.0,17.0,correct,7.600000000000016,5.187999999999988,2.3999999999999986,2.3999999999999986,L,50,58.0,0.22171945701357448,0.10597302504816956,0.0,0.0,1.8249999999999993,18.625,3.0249999999999986,incorrect,19.599999999999987,68.80000000000003,1.375,1.375,R,75,64.0,0.5559339202775949,0.0,0.0,0.0,2.825000000000003,30.829,5.225000000000001,incorrect,51.589000000000006,41.20800000000004,0.0,0.0,R,50,48.0,0.0,0.0,0.0,0.0,36.474999999999994,NA,0.0,NA,0.0,183.70000000000005,0.0,0.0,L,75,48.0,0.9847944880019008,1.0,1.0,1.0,5.299999999999997,5.299999999999997,157.725,correct,103.62499999999997,1.5999999999999943,14.0,14.0,L,67,54.0,0.27157061220305967,0.2270531400966179,0.0,0.0,1.5749999999999993,14.795000000000002,2.375,incorrect,21.194999999999993,56.851,2.819999999999993,2.819999999999993,0.0,0.0,0.0,0.0,0.0,0.0,NA,0.0,0.0,61.111111111111114,5.9527777777777775,0.49636019968410094,0.3944982815118113,9,9,3,3,3,3,3,3,0.22171945701357448,0.594307162965281,0.7296110414052696,0.10597302504816956,0.24984703242912537,0.5060728744939273,1.0,0.0,0.8799301941810108,0.9712275144972804,0.10151629376499567,0.4363005404284156,non,low,12.668625,33.38022222222222,0.5,1.0,1.0,2.0,0.5152125537947083,0.2872976439904074
winnifred,F,2351,SND,R,67,41.0,0.4130941170639837,0.7841530054644807,0.0,1.0,7.174999999999997,NA,18.025,NA,41.675,59.21000000000001,7.174999999999997,7.174999999999997,L,50,57.0,0.5494235957812118,1.0,0.0,1.0,2.575000000000003,3.1000000000000014,21.65,correct,56.00000000000005,45.92500000000001,11.850000000000001,11.850000000000001,R,75,28.0,0.027282756279701306,0.0,0.0,0.0,4.125,206.278,4.125,incorrect,2.5720000000000027,91.70000000000003,0.0,0.0,R,75,68.0,0.1534937919395669,1.0,0.0,1.0,1.2250000000000014,8.899999999999999,21.9,correct,19.10000000000001,105.33500000000001,5.600000000000001,5.600000000000001,L,67,51.0,0.45582227570700207,0.49136953508882447,0.0,0.0,8.073999999999998,12.200000000000003,NA,NA,57.574000000000005,68.73399999999995,7.799999999999997,7.799999999999997,R,50,36.0,0.49907900465521277,1.0,0.0,1.0,6.475000000000001,10.652000000000001,27.189,correct,29.803999999999967,29.913999999999987,7.1229999999999976,7.1229999999999976,R,50,82.0,0.279701438194065,0.045419774335437105,0.0,0.0,0.75,19.525,1.2920000000000016,incorrect,7.681999999999995,19.783000000000005,0.4750000000000014,0.4750000000000014,L,75,33.0,0.7620491057896335,0.8325456323337679,1.0,1.0,1.8999999999999986,NA,16.445,NA,57.82200000000002,18.054999999999986,10.216999999999999,10.216999999999999,L,67,35.0,0.8658106747230614,1.0,1.0,1.0,8.100000000000001,NA,32.325,NA,85.975,13.325000000000003,16.4,16.4,NA,0.0,0.0,0.0,0.0,0.0,0.0,NA,NA,47.888888888888886,4.488777777777778,0.44508408445927095,0.6837208830247233,9,9,3,3,3,3,3,3,0.49907900465521277,0.45582227570700207,0.1534937919395669,1.0,0.7841530054644807,0.8325456323337679,0.0,3.0,0.9508740739010592,0.5574010478751241,0.010071513627982106,0.22779999398822906,low,non,43.442499999999995,17.868875,0.6,2.0,2.0,2.0,0.3694650241005939,0.8722328792660828
wisteria,F,2490,NSD,R,75,80.0,0.2653846153846153,0.5384615384615388,0.0,0.0,2.3999999999999986,12.0,3.200000000000003,incorrect,27.599999999999973,76.39999999999996,5.600000000000001,5.600000000000001,L,67,84.0,0.5253697383390216,0.5,0.0,0.0,1.5,10.524999999999999,1.5,incorrect,57.72500000000001,52.15000000000001,8.225000000000001,8.225000000000001,R,50,70.0,0.46531657355679695,0.08134920634920623,0.0,0.0,1.2749999999999986,18.975,1.2749999999999986,incorrect,49.97499999999997,57.42499999999998,1.0249999999999986,1.0249999999999986,R,67,80.0,0.5377358490566042,0.48802946593001856,0.0,0.0,0.02499999999999858,9.674999999999997,2.700000000000003,incorrect,58.425000000000054,50.22499999999997,6.625,6.625,L,50,64.0,0.6575787893946973,1.0,1.0,1.0,5.299999999999997,9.0,31.549999999999997,correct,65.725,34.22500000000001,9.799999999999997,9.799999999999997,R,75,76.0,0.43058951371909765,0.0,0.0,0.0,2.049999999999997,58.075,2.575000000000003,incorrect,39.62499999999996,52.40000000000003,0.0,0.0,R,50,68.0,0.2949627834516184,0.768760907504363,0.0,1.0,0.33999999999999986,0.33999999999999986,7.715000000000003,correct,42.59999999999999,101.82500000000002,8.809999999999995,8.809999999999995,L,75,76.0,0.6318944844124699,0.5725075528700908,1.0,0.0,7.325000000000003,NA,8.125,NA,79.05000000000001,46.050000000000026,9.475000000000001,9.475000000000001,L,67,69.0,0.842713824179561,0.9214559386973177,1.0,1.0,2.25,NA,3.299999999999997,NA,123.89999999999998,23.125000000000043,12.024999999999999,12.024999999999999,0.0,0.0,0.0,0.0,0.0,0.0,0.0,NA,NA,74.11111111111111,2.4961111111111105,0.5168384634993869,0.5411738455347261,9,9,3,3,3,3,3,3,0.46531657355679695,0.5377358490566042,0.43058951371909765,0.768760907504363,0.5,0.5384615384615388,0.0,1.0,0.8884041118895878,0.7873384070186397,0.48663665300918885,0.7246509481712887,low,non,16.94142857142857,6.8822222222222225,0.2857142857142857,2.0,1.0,1.0,0.47788064544416625,0.6024074819886339
wayne,M,2115,DNS,R,75,44.0,0.9117875012822413,1.0,1.0,1.0,6.899999999999999,7.450000000000003,187.607,correct,159.995,15.479000000000013,6.424999999999997,6.424999999999997,L,67,72.0,0.2183708838821491,0.5623268698060943,0.0,0.0,4.075000000000003,4.075000000000003,12.100000000000001,correct,22.05000000000002,78.92500000000004,5.074999999999996,5.074999999999996,R,50,40.0,0.6973989590777152,0.8975817923186343,1.0,1.0,1.8000000000000007,4.225000000000001,NA,NA,110.27900000000005,47.849999999999994,15.774999999999999,15.774999999999999,R,67,22.0,0.7430519140010489,1.0,1.0,1.0,69.55,NA,69.55,NA,141.7,48.99999999999997,20.0,20.0,L,50,33.0,0.2602893489648293,0.07395993836671799,0.0,0.0,1.1999999999999993,NA,4.975000000000001,NA,52.175000000000026,148.27499999999992,1.1999999999999993,1.1999999999999993,R,75,45.0,0.30343528174568407,0.0,0.0,0.0,0.6000000000000014,56.066,NA,NA,48.47500000000002,111.27900000000002,0.0,0.0,R,50,55.0,0.475184956843403,0.36581196581196573,0.0,0.0,0.6000000000000014,4.600000000000001,0.6000000000000014,incorrect,77.07499999999996,85.12500000000003,5.350000000000001,5.350000000000001,L,75,46.0,0.4254234953863105,0.3055555555555563,0.0,0.0,0.6000000000000014,NA,3.200000000000003,NA,77.22500000000002,104.29999999999998,2.750000000000007,2.750000000000007,L,67,39.0,0.5103873055642552,0.18167701863354024,0.0,0.0,1.0,17.075000000000003,1.0,incorrect,97.78,93.8,2.924999999999997,2.924999999999997,0.0,0.0,0.0,NA,NA,0.0,0.0,NA,0.0,44.0,9.591666666666667,0.5050366274164041,0.48743479338805656,9,9,3,3,3,3,3,3,0.475184956843403,0.5103873055642552,0.4254234953863105,0.36581196581196573,0.5623268698060943,0.3055555555555563,0.0,0.0,0.618006065812831,0.9507148531423681,0.20633369855394812,0.926348008352263,non,non,15.581833333333336,39.861714285714285,0.5,2.0,2.0,2.0,0.47033191926465623,0.4112314637245388
gabi,F,3248,DNS,L,75,71.0,0.5549263873159687,1.0,0.0,1.0,0.6000000000000014,4.024999999999999,58.25,correct,12.25,9.824999999999989,6.375,6.375,R,67,62.0,0.5704020530367837,0.0,0.0,0.0,45.275000000000006,46.075,NA,NA,83.34999999999997,62.77499999999995,0.0,0.0,L,50,64.0,0.41430777148739056,0.0,0.0,0.0,27.674999999999997,42.75,NA,NA,60.375000000000014,85.35000000000002,0.0,0.0,L,67,93.0,0.5873799725651574,0.10238907849829347,0.0,0.0,0.75,NA,5.75,NA,53.52499999999997,37.60000000000002,0.75,0.75,R,50,82.0,0.3236174885206627,0.5780590717299576,0.0,0.0,0.75,NA,1.25,NA,40.52499999999998,84.69999999999999,6.849999999999994,6.849999999999994,L,75,103.0,0.40824799335732076,1.0,0.0,1.0,0.8000000000000007,4.274999999999999,20.799999999999997,correct,36.87500000000001,53.45000000000003,10.925000000000004,10.925000000000004,L,50,79.0,0.16111822449850616,0.0,0.0,0.0,1.2749999999999986,43.95,1.2749999999999986,incorrect,18.875,98.27500000000003,0.0,0.0,R,75,77.0,0.4104833219877467,0.0,0.0,0.0,1.5,35.724999999999994,1.5,incorrect,45.224999999999994,64.95000000000003,0.0,0.0,R,67,79.0,0.6438554216867474,0.842185128983308,1.0,1.0,0.07499999999999929,1.3999999999999986,17.4,correct,66.80000000000004,36.94999999999997,13.875,13.875,0.0,0.0,0.0,NA,NA,0.0,0.0,0.0,0.0,78.88888888888889,8.744444444444445,0.4527042927173649,0.39140369769017325,9,9,3,3,3,3,3,3,0.3236174885206627,0.5873799725651574,0.4104833219877467,0.0,0.10238907849829347,1.0,0.0,1.0,0.47208570344470296,0.3791944849834288,0.008941473303282647,0.46313073982173036,low,non,25.457142857142856,15.174999999999999,0.6,1.0,1.0,2.0,0.44049359435785557,0.36746302616609783
wile,M,2236,NSD,R,75,54.0,0.5180102915951977,0.0,0.0,0.0,0.75,51.974999999999994,3.375,incorrect,15.100000000000009,14.049999999999983,0.0,0.0,L,67,80.0,0.547109207708781,1.0,0.0,1.0,0.9499999999999993,4.399999999999999,45.900000000000006,correct,12.77500000000007,10.574999999999989,2.7250000000000014,2.7250000000000014,R,50,64.0,0.3764434180138572,0.0,0.0,0.0,1.1499999999999986,35.900000000000006,2.4750000000000014,incorrect,12.225000000000023,20.250000000000007,0.0,0.0,R,67,61.0,0.5877712031558194,NaN,0.0,NA,1.5,38.224999999999994,79.675,correct,7.450000000000017,5.224999999999994,0.0,0.0,L,50,55.0,0.6918918918918923,1.0,1.0,1.0,0.4250000000000007,10.825000000000003,32.875,correct,6.399999999999999,2.8499999999999943,3.8500000000000014,3.8500000000000014,R,75,37.0,0.5990566037735849,0.5000000000000006,0.0,0.0,2.0,16.275,9.700000000000003,incorrect,6.350000000000001,4.25,3.1750000000000043,3.1750000000000043,R,50,66.0,0.0,NaN,0.0,NA,15.524999999999999,NA,26.875,NA,0.0,15.175000000000047,0.0,0.0,L,75,56.0,0.6449438202247202,0.6533333333333341,1.0,1.0,3.549999999999997,17.549999999999997,6.975000000000001,incorrect,7.175000000000011,3.9499999999999886,2.450000000000003,2.450000000000003,L,67,54.0,0.6503558718861203,NaN,1.0,NA,1.3249999999999993,36.375,49.599999999999994,correct,18.274999999999977,9.825000000000017,0.0,0.0,0.0,0.0,0.0,0.0,0.0,0.0,NA,0.0,0.0,58.55555555555556,3.019444444444444,0.5128424786944414,0.5255555555555558,9,6,3,3,3,2,1,3,0.3764434180138572,0.5877712031558194,0.5990566037735849,0.5,1.0,0.5000000000000006,0.0,1.0,0.007103019293365086,0.359375,0.1943524878889278,0.8951588301056221,low,non,26.440624999999997,28.605555555555554,0.5,2.0,1.0,2.0,0.52109040831442055,0.6666666666666669
wyatt,M,2336,SDN,R,67,58.0,0.5927479033053773,0.4060773480662978,0.0,0.0,0.75,4.200000000000003,8.674999999999997,correct,60.07499999999999,41.275,3.674999999999997,3.674999999999997,L,50,72.0,0.5268284893005428,0.37025316455696206,0.0,0.0,0.6750000000000007,17.075000000000003,6.0,incorrect,82.47499999999998,74.075,2.924999999999997,2.924999999999997,R,75,109.0,0.42913907284768155,0.4926253687315634,0.0,0.0,0.75,1.7749999999999986,5.950000000000003,correct,16.19999999999998,21.550000000000033,4.174999999999997,4.174999999999997,R,75,93.0,0.752528637347569,0.7711432435243945,1.0,1.0,1.3999999999999986,1.9499999999999993,9.350000000000001,correct,97.688,32.12500000000004,7.413,7.413,L,67,98.0,0.27468356887715545,0.39428571428571463,0.0,0.0,1.1000000000000014,18.275,10.625,incorrect,28.299000000000035,74.72499999999988,1.7250000000000014,1.7250000000000014,R,50,53.0,0.4452265728112625,0.3190578158458242,0.0,0.0,1.9499999999999993,1.9499999999999993,9.375,correct,25.3,31.52500000000002,3.724999999999998,3.724999999999998,R,50,96.0,0.5649208947081293,0.5000000000000008,0.0,0.0,0.14999999999999858,9.274999999999999,11.950000000000003,correct,51.77500000000008,39.87499999999996,2.375000000000007,2.375000000000007,L,75,107.0,0.31806089269878846,0.10317460317460317,0.0,0.0,14.125,17.35,NA,NA,26.900000000000034,57.67499999999997,1.625,1.625,L,67,105.0,0.31232091690544383,0.6634146341463408,0.0,1.0,1.0,2.6000000000000014,5.5,correct,32.699999999999974,72.00000000000003,6.79999999999999,6.79999999999999,0.0,0.0,0.0,0.0,0.0,0.0,0.0,0.0,0.0,87.88888888888889,2.433333333333333,0.46849521653355003,0.44667021025907794,9,9,3,3,3,3,3,3,0.5268284893005428,0.31232091690544383,0.42913907284768155,0.37025316455696206,0.4060773480662978,0.4926253687315634,0.0,0.0,0.6654929787692405,0.5621838048398651,0.8608806612548631,0.4339131136393165,non,non,8.272222222222222,8.428125000000001,0.75,1.0,1.0,3.0,0.42276282635122275,0.4229852937849411
wedelia,F,1450,SDN,R,67,64.0,1.0,NaN,1.0,NA,0.9499999999999993,33.4,88.75,correct,4.250000000000007,0.0,0.0,0.0,L,50,36.0,0.07065217391304335,NaN,0.0,NA,1.5249999999999986,31.0,118.80000000000001,correct,1.2999999999999972,17.099999999999994,0.0,0.0,R,75,30.0,NaN,NaN,NA,NA,1.4750000000000014,NA,NA,NA,0.0,0.0,0.0,0.0,R,75,31.0,NaN,NaN,NA,NA,6.024999999999999,NA,NA,NA,0.0,0.0,0.0,0.0,L,67,59.0,0.8235942668136723,NaN,1.0,NA,4.200000000000003,113.225,94.825,incorrect,18.67500000000004,3.999999999999986,0.0,0.0,R,50,21.0,0.01925722145804674,0.11570247933884283,0.0,0.0,0.6999999999999993,NA,11.399999999999999,NA,0.6999999999999993,35.65000000000001,0.6999999999999993,0.6999999999999993,R,50,40.0,0.0,NaN,0.0,NA,3.325000000000003,NA,40.349999999999994,NA,0.0,1.3500000000000085,0.0,0.0,L,75,30.0,NaN,NaN,NA,NA,1.8000000000000007,NA,NA,NA,0.0,0.0,0.0,0.0,L,67,38.0,0.8836805555555557,0.870242214532872,1.0,1.0,1.875,6.375,NA,NA,89.07499999999999,11.72499999999998,12.574999999999996,12.574999999999996,0.0,0.0,NA,NA,0.0,NA,NA,NA,0.0,38.77777777777778,2.430555555555556,0.46619736962338637,0.4929723469358574,6,2,3,3,0,1,1,0,0.01925722145804674,0.8836805555555557,NA,0.11570247933884283,0.870242214532872,NA,1.0,1.0,0.03943879098940303,0.7524936490337828,NA,NA,NA,low,46.0,70.825,0.6666666666666666,1.0,1.0,2.0,0.4514688885068012,0.4929723469358574
gavin,M,1992,DSN,L,50,20.0,0.0,NaN,0.0,NA,3.112000000000002,NA,172.0,NA,0.0,1.8249999999999886,0.0,0.0,NA,NA,NA,NA,NA,NA,NA,NA,NA,NA,NA,NA,NA,NA,NA,NA,NA,NA,NA,NA,NA,NA,NA,NA,NA,NA,NA,NA,NA,NA,NA,NA,NA,NA,NA,NA,NA,NA,NA,NA,NA,NA,NA,NA,NA,R,50,36.0,1.0,NaN,1.0,NA,0.10000000000000142,214.275,NA,NA,1.3249999999999886,0.0,0.0,0.0,L,75,32.0,0.0,0.0,0.0,0.0,1.3120000000000012,NA,0.0,NA,0.0,4.512000000000018,0.0,0.0,L,75,43.0,0.25754527162977875,NaN,0.0,NA,6.25,115.875,26.075000000000003,incorrect,6.400000000000006,18.45000000000001,0.0,0.0,R,67,29.0,0.5015301750520259,0.0,0.0,0.0,9.674999999999997,39.775000000000006,11.783999999999999,incorrect,4.097000000000008,4.07200000000001,0.0,0.0,L,50,45.0,1.0,NaN,1.0,NA,2.375,20.424999999999997,NA,NA,27.500000000000007,0.0,0.0,0.0,NA,NA,NA,NA,0.0,NA,0.0,0.0,0.0,34.166666666666664,3.8040000000000003,0.45984590778030077,0.0,6,2,3,1,2,0,1,1,1.0,0.5015301750520259,0.12877263581488937,NA,0.0,0.0,1.0,0.0,0.16218157441337935,0.8384659109907322,NA,NA,non,low,97.5875,52.46475,0.0,1.0,0.0,0.0,0.5434342702889717,0.0
gretchen,F,2879,NDS,L,50,59.0,0.36846275752773366,0.44541484716157137,0.0,0.0,2.549999999999997,NA,15.723999999999997,NA,23.249999999999986,39.84999999999999,2.549999999999997,2.549999999999997,R,75,174.0,0.20824295010846025,0.0,0.0,0.0,3.674999999999997,57.599999999999994,3.674999999999997,incorrect,2.4000000000000057,9.125,0.0,0.0,R,67,135.0,1.0,1.0,1.0,1.0,2.875,2.875,NA,NA,3.424999999999997,0.0,3.424999999999997,3.424999999999997,L,67,91.0,0.4308357348703174,0.0,0.0,0.0,1.375,158.075,4.0,incorrect,7.475000000000023,9.875000000000014,0.0,0.0,R,50,117.0,1.0,1.0,1.0,1.0,1.0,2.6000000000000014,NA,NA,4.824999999999996,0.0,4.824999999999996,4.824999999999996,L,75,137.0,1.0,1.0,1.0,1.0,1.1999999999999993,3.3500000000000014,NA,NA,3.125,0.0,3.125,3.125,L,75,53.0,0.2113526570048309,NaN,0.0,NA,0.05000000000000071,50.474999999999994,67.15,correct,8.75,32.650000000000006,0.0,0.0,R,67,126.0,1.0,1.0,1.0,1.0,0.25,2.875,NA,NA,8.25,0.0,8.25,8.25,L,F,133.0,0.0,0.0,0.0,0.0,6.875,NA,0.0,NA,0.0,6.875,0.0,0.0,NA,0.0,0.0,0.0,0.0,0.0,0.0,0.0,NA,113.88888888888889,2.205555555555555,0.5798771221679269,0.5556768558951964,9,8,2,3,3,2,3,2,0.6842313787638669,1.0,0.2113526570048309,0.7227074235807857,1.0,0.5,2.0,2.0,0.030314825143480034,0.546493595406582,0.005711008775698185,0.8210975835519595,low,low,39.69285714285714,18.1098,0.3333333333333333,2.0,3.0,1.0,0.6318613452562326,0.7409024745269286
wade,M,1997,NDS,R,50,10.0,0.9636726842261025,1.0,1.0,1.0,5.299999999999997,5.299999999999997,230.35000000000002,correct,65.125,2.454999999999984,14.700000000000003,14.700000000000003,L,75,9.0,0.5755707075771249,NaN,0.0,NA,30.933999999999997,127.30000000000001,30.933999999999997,incorrect,103.32299999999998,76.19099999999999,0.0,0.0,L,67,9.0,0.0,0.0,0.0,0.0,0.7250000000000014,NA,1.0,NA,0.0,132.975,0.0,0.0,R,67,6.0,1.0,NaN,1.0,NA,76.625,130.25,NA,NA,83.02499999999998,0.0,0.0,0.0,L,50,16.0,0.960482985729967,1.0,1.0,1.0,1.375,1.8999999999999986,225.825,correct,153.12499999999997,6.300000000000011,18.1,18.1,R,75,4.0,0.0,NaN,0.0,NA,118.15,NA,118.15,NA,0.0,85.57500000000002,0.0,0.0,R,75,3.0,1.0,1.0,1.0,1.0,0.8500000000000014,2.950000000000003,NA,NA,231.175,0.0,17.049999999999997,17.049999999999997,L,67,65.0,0.1374078890333768,0.0,0.0,0.0,6.799999999999997,128.125,9.5,incorrect,7.925000000000011,49.75000000000002,0.0,0.0,R,50,3.0,NaN,NaN,NA,NA,3.200000000000003,NA,NA,NA,0.0,0.0,0.0,0.0,0.0,0.0,NA,0.0,0.0,NA,0.0,0.0,NA,13.88888888888889,27.106555555555556,0.5796417833208214,0.6,8,5,2,3,3,2,2,1,0.9620778349780348,0.1374078890333768,0.5755707075771249,1.0,0.0,1.0,1.0,2.0,0.01823776718023484,0.7230087105700103,0.006470000751665464,0.765594483995764,low,low,65.97083333333333,102.62650000000001,0.5,2.0,2.0,1.0,0.5583521438628455,0.6666666666666666
willis,M,2235,SDN,R,67,40.0,0.031117397454030974,0.0,0.0,0.0,4.75,42.650000000000006,4.75,incorrect,0.5499999999999972,17.124999999999993,0.0,0.0,L,50,78.0,0.5195628069063837,0.3323699421965318,0.0,0.0,0.8249999999999993,17.125,5.549999999999997,incorrect,82.0,75.82499999999999,2.875,2.875,R,75,18.0,0.0,0.0,0.0,0.0,16.75,NA,0.0,NA,0.0,177.55,0.0,0.0,R,75,28.0,0.11240992794235394,0.0,0.0,0.0,8.200000000000003,171.7,NA,NA,17.55000000000001,138.575,0.0,0.0,L,67,17.0,0.0,0.0,0.0,0.0,3.875,NA,7.625,NA,0.0,31.975000000000016,0.0,0.0,R,50,20.0,0.4764285714285714,0.0,0.0,0.0,30.424999999999997,37.625,NA,NA,83.37500000000001,91.62500000000001,0.0,0.0,R,50,3.0,0.0,0.0,0.0,0.0,212.075,NA,0.0,NA,0.0,223.67499999999998,0.0,0.0,L,75,33.0,0.721674284339668,0.826086956521739,1.0,1.0,15.200000000000003,NA,16.799999999999997,NA,75.00000000000001,28.925000000000004,15.200000000000003,15.200000000000003,L,67,28.0,1.0,1.0,1.0,1.0,1.4499999999999993,0.0,NA,NA,86.65000000000002,0.0,19.474999999999998,19.474999999999998,0.0,0.0,NA,0.0,NA,0.0,NA,NA,1.0,29.444444444444443,32.61666666666667,0.31791033200788976,0.2398285443020301,9,9,3,3,3,3,3,3,0.4764285714285714,0.031117397454030974,0.11240992794235394,0.0,0.0,0.0,0.0,0.0,0.0512351409019374,0.1827284653293843,5.870842036764304e-4,0.08070813375119286,non,non,53.82,5.787499999999999,0.0,2.0,2.0,0.0,0.20665196560831878,0.0
gloria,F,3350,SDN,L,67,37.0,0.3892421159715157,0.7016212487064503,0.0,1.0,2.575000000000003,2.575000000000003,15.674999999999997,correct,61.22,96.06,10.169999999999995,10.169999999999995,R,50,31.0,0.6777391807786944,1.0,1.0,1.0,16.275,NA,20.174999999999997,NA,93.64999999999998,44.53,16.275,16.275,L,75,32.0,0.6803162948319684,0.44796380090497717,1.0,0.0,4.100000000000001,4.100000000000001,13.049999999999997,correct,60.225000000000016,28.300000000000004,4.949999999999996,4.949999999999996,L,75,25.0,0.2527415143603135,0.0,0.0,0.0,15.875,85.6,15.875,incorrect,24.200000000000017,71.54999999999998,0.0,0.0,R,67,61.0,0.7497166349682053,1.0,1.0,1.0,1.4250000000000007,3.2749999999999986,48.474999999999994,correct,39.02499999999997,13.028000000000006,9.799999999999997,9.799999999999997,L,50,68.0,0.5049045860698482,0.31268436578171094,0.0,0.0,3.075000000000003,10.475000000000001,3.075000000000003,incorrect,35.825000000000024,35.12900000000001,2.6499999999999986,2.6499999999999986,L,50,66.0,0.4841097083151936,0.0,0.0,0.0,2.1499999999999986,50.675,5.850000000000001,incorrect,27.80000000000001,29.62500000000003,0.0,0.0,R,75,57.0,0.5134803921568628,0.0,0.0,0.0,4.924999999999997,40.224999999999994,NA,NA,73.325,69.47499999999998,0.0,0.0,R,67,76.0,0.24346211221724978,0.34522897840404365,0.0,0.0,0.07499999999999929,2.4669999999999987,6.975000000000001,correct,23.99100000000002,74.55000000000001,4.508000000000003,4.508000000000003,0.0,NA,0.0,0.0,0.0,0.0,0.0,0.0,0.0,50.333333333333336,5.608333333333333,0.4995236155188724,0.42305537708857577,9,9,3,3,3,3,3,3,0.5049045860698482,0.3892421159715157,0.5134803921568628,0.31268436578171094,0.7016212487064503,0.0,0.0,1.0,0.4510880219268337,0.9939400301986933,0.1318094549613764,0.5825017903775748,low,non,24.924,16.143749999999997,0.5714285714285714,2.0,2.0,2.0,0.4692090313994089,0.33810187149605375
waldhurga,F,3066,SND,R,67,13.0,0.05450552170012685,0.0,0.0,0.0,11.475000000000001,210.675,NA,NA,8.810000000000002,152.825,0.0,0.0,L,50,5.0,0.4285209684670219,NaN,0.0,NA,49.025000000000006,49.025000000000006,145.7,correct,66.725,88.98500000000001,0.0,0.0,R,75,13.0,0.7865556978233035,0.0,1.0,0.0,2.549999999999997,34.349999999999994,3.3500000000000014,incorrect,153.57500000000002,41.67500000000002,0.0,0.0,R,75,26.0,0.3027586206896551,0.17808219178082185,0.0,0.0,1.9499999999999993,NA,11.0,NA,43.89999999999999,101.10000000000002,1.9499999999999993,1.9499999999999993,L,67,28.0,0.9139771859752387,NaN,1.0,NA,9.325000000000003,89.75,208.992,correct,82.608,7.775000000000006,0.0,0.0,R,50,21.0,0.6565529396953292,1.0,1.0,1.0,2.6000000000000014,2.6000000000000014,151.225,correct,130.375,68.20000000000002,17.4,17.4,R,50,35.0,0.12235041588408879,0.0,0.0,0.0,2.1499999999999986,34.825,3.700000000000003,incorrect,11.399999999999963,81.77499999999996,0.0,0.0,L,75,10.0,0.0,NaN,0.0,NA,51.3,NA,51.3,NA,0.0,166.55,0.0,0.0,L,67,31.0,0.44810704960835496,0.0,0.0,0.0,1.3000000000000007,25.9,1.5500000000000007,incorrect,68.65,84.55000000000003,0.0,0.0,0.0,0.0,0.0,NA,0.0,0.0,0.0,NA,0.0,20.22222222222222,14.630555555555556,0.41259204442701325,0.1963470319634703,9,6,3,3,3,2,2,2,0.4285209684670219,0.44810704960835496,0.3027586206896551,0.5,0.0,0.08904109589041093,0.0,0.0,0.6451568532689372,0.44360727160540814,4.580370978032415e-4,0.1824224394517357,non,non,63.875,72.102125,0.5,2.0,1.0,2.0,0.39312887958834397,0.1963470319634703
garrison,M,2160,SND,L,67,37.0,0.5264845684576047,0.0,0.0,0.0,4.149999999999999,39.75,4.149999999999999,incorrect,55.491999999999976,49.909,0.0,0.0,R,50,32.0,0.42070051160960237,1.0,0.0,1.0,7.975000000000001,11.100000000000001,42.599999999999994,correct,26.724999999999994,36.80000000000001,8.899999999999999,8.899999999999999,L,75,33.0,0.6946591707659876,0.40650406504065006,1.0,0.0,12.924999999999997,18.75,12.924999999999997,incorrect,49.42500000000001,21.72499999999998,1.25,1.25,L,75,21.0,0.327553889409559,0.0,0.0,0.0,12.350000000000001,29.75,12.350000000000001,incorrect,17.474999999999966,35.875000000000014,0.0,0.0,R,67,39.0,0.35780496848350013,0.04255319148936162,0.0,0.0,14.625,19.35,NA,NA,48.24999999999997,86.59999999999997,0.6499999999999986,0.6499999999999986,L,50,43.0,0.6973932754061202,0.0,1.0,0.0,0.8249999999999993,24.975,2.1499999999999986,incorrect,92.29999999999998,40.04999999999998,0.0,0.0,L,50,61.0,0.418449833571089,0.4608695652173923,0.0,0.0,0.9750000000000014,13.799999999999997,17.475,correct,22.000000000000007,30.575000000000003,1.3250000000000028,1.3250000000000028,R,75,58.0,0.6315614617940198,0.41008505467800677,1.0,0.0,2.0,5.200000000000003,10.674999999999997,correct,47.525,27.725000000000016,2.0249999999999986,2.0249999999999986,R,67,39.0,0.23871669385535493,1.0,0.0,1.0,1.3500000000000014,16.674,31.232999999999997,correct,2.633999999999986,8.400000000000013,1.0589999999999975,1.0589999999999975,0.0,0.0,0.0,0.0,0.0,0.0,0.0,0.0,0.0,40.333333333333336,6.352777777777778,0.4792582637058709,0.3688902084917123,9,9,3,3,3,3,3,3,0.42070051160960237,0.35780496848350013,0.6315614617940198,0.4608695652173923,0.04255319148936162,0.40650406504065006,1.0,0.0,0.44469177390080183,0.7185483438821278,0.03136490382946421,0.33462680974788683,non,low,19.927666666666667,16.69475,0.5,1.0,1.0,3.0,0.4700223139623741,0.303308940582468
george,M,2222,NSD,L,75,48.0,0.229643765903308,0.0,0.0,0.0,1.1499999999999986,31.375,1.1499999999999986,incorrect,9.025000000000006,30.275,0.0,0.0,R,67,22.0,0.8544355946168636,1.0,1.0,1.0,48.3,NA,110.30000000000001,NA,77.775,13.25,20.0,20.0,L,50,14.0,0.0,0.0,0.0,0.0,14.299999999999997,NA,0.0,NA,0.0,32.674999999999976,0.0,0.0,L,67,19.0,0.1319562906375931,0.0,0.0,0.0,14.725000000000001,63.75,14.725000000000001,incorrect,10.675000000000011,70.22300000000001,0.0,0.0,R,50,29.0,0.28077416096954644,0.0,0.0,0.0,1.75,96.25,1.75,incorrect,28.91300000000001,74.06299999999997,0.0,0.0,L,75,15.0,0.808080808080808,0.8614130434782611,1.0,1.0,2.549999999999997,4.149999999999999,NA,NA,108.0,25.65000000000002,15.850000000000001,15.850000000000001,L,50,27.0,0.7511377777258467,1.0,1.0,1.0,0.8000000000000007,0.8000000000000007,132.425,correct,128.57,42.59700000000001,19.2,19.2,R,75,47.0,0.5004376367614878,0.36833046471600683,0.0,0.0,0.6750000000000007,10.725000000000001,2.0249999999999986,incorrect,57.17499999999999,57.07500000000004,5.350000000000001,5.350000000000001,R,67,26.0,0.9204132923764312,1.0,1.0,1.0,3.075000000000003,3.075000000000003,64.125,correct,82.40000000000002,7.125,16.924999999999997,16.924999999999997,0.0,NA,NA,0.0,0.0,0.0,0.0,0.0,0.0,27.444444444444443,9.702777777777778,0.4974310363413205,0.46997150091047424,9,9,3,3,3,3,3,3,0.28077416096954644,0.8544355946168636,0.5004376367614878,0.0,1.0,0.36833046471600683,1.0,1.0,0.2827154871869001,0.9828566660200055,0.005897970368718591,0.8029638744383367,low,low,30.017857142857142,40.8125,0.3333333333333333,2.0,2.0,1.0,0.5452157974492993,0.45611015490533563
waverly,F,1319,SDN,R,67,4.0,NaN,NaN,NA,NA,109.07499999999999,NA,NA,NA,0.0,0.0,0.0,0.0,L,50,20.0,NaN,NaN,NA,NA,31.1,NA,NA,NA,0.0,0.0,0.0,0.0,R,75,17.0,NaN,NaN,NA,NA,24.4,NA,NA,NA,0.0,0.0,0.0,0.0,R,75,13.0,NaN,NaN,NA,NA,22.225,NA,NA,NA,0.0,0.0,0.0,0.0,L,67,24.0,NaN,NaN,NA,NA,18.799999999999997,NA,NA,NA,0.0,0.0,0.0,0.0,R,50,24.0,NaN,NaN,NA,NA,22.75,NA,NA,NA,0.0,0.0,0.0,0.0,R,50,20.0,NaN,NaN,NA,NA,81.251,NA,NA,NA,0.0,0.0,0.0,0.0,L,75,24.0,NaN,NaN,NA,NA,14.875,NA,NA,NA,0.0,0.0,0.0,0.0,L,67,39.0,NaN,NaN,NA,NA,0.2749999999999986,NA,NA,NA,0.0,0.0,0.0,0.0,NA,NA,NA,NA,NA,NA,NA,NA,NA,20.555555555555557,36.083444444444446,NaN,NaN,0,0,0,0,0,0,0,0,NA,NA,NA,NA,NA,NA,0.0,0.0,NA,NA,NA,NA,non,non,NaN,NaN,NaN,0.0,0.0,0.0,NaN,NaN
wilbur,M,1961,DNS,R,75,13.0,0.6321895225302235,1.0,1.0,1.0,6.125,12.524999999999999,144.875,correct,129.42499999999998,75.29999999999998,7.475000000000001,7.475000000000001,L,67,45.0,0.7529328621908127,1.0,1.0,1.0,0.2749999999999986,1.0500000000000007,104.875,correct,133.17500000000007,43.700000000000045,18.95,18.95,R,50,51.0,0.12982195845697347,0.17207792207792239,0.0,0.0,2.450000000000003,4.549999999999997,12.774999999999999,correct,17.50000000000003,117.29999999999998,1.3250000000000028,1.3250000000000028,R,67,36.0,0.45411368163015164,0.0,0.0,0.0,1.2749999999999986,42.224999999999994,4.200000000000003,incorrect,74.1,89.075,0.0,0.0,L,50,65.0,0.7267943462032672,1.0,1.0,1.0,2.174999999999997,3.5,37.2,correct,118.77999999999997,44.650000000000034,16.5,16.5,R,75,59.0,0.47539342904472676,1.0,0.0,1.0,1.3000000000000007,2.3999999999999986,37.474999999999994,correct,82.65000000000003,91.20599999999999,17.6,17.6,R,50,79.0,0.4662620492681185,0.0,0.0,0.0,2.875,36.525000000000006,NA,NA,65.3,74.75,0.0,0.0,L,75,54.0,0.431886722003619,0.0,0.0,0.0,1.4750000000000014,54.2,1.4750000000000014,incorrect,75.18500000000004,98.90000000000003,0.0,0.0,L,67,60.0,0.7542907116568888,1.0,1.0,1.0,2.450000000000003,3.799999999999997,28.075000000000003,correct,103.49999999999996,33.714999999999996,11.650000000000006,11.650000000000006,0.0,0.0,0.0,0.0,0.0,0.0,0.0,0.0,0.0,51.333333333333336,2.266666666666667,0.5359650314427535,0.5746753246753247,9,9,3,3,3,3,3,3,0.4662620492681185,0.7529328621908127,0.47539342904472676,0.17207792207792239,1.0,1.0,1.0,2.0,0.17635487844430214,0.6104401202628251,0.0010317127868623537,0.5637028616507731,low,low,17.863888888888887,46.36875,0.75,2.0,2.0,3.0,0.5648627801678859,0.7240259740259741
wildflower,F,2710,NSD,R,75,51.0,0.6431576838308957,0.0,1.0,0.0,0.625,34.95,0.625,incorrect,80.25,44.524999999999984,0.0,0.0,L,67,32.0,0.29377468497272896,0.0,0.0,0.0,8.225000000000001,57.55,8.225000000000001,incorrect,39.05,93.875,0.0,0.0,R,50,8.0,0.19368961352657005,NaN,0.0,NA,39.275000000000006,140.925,39.275000000000006,incorrect,32.07499999999999,133.52499999999998,0.0,0.0,R,67,33.0,0.6077686638570144,1.0,1.0,1.0,0.875,NA,82.8,NA,83.209,53.7,19.475,19.475,L,50,20.0,0.3544176706827311,NaN,0.0,NA,26.35,212.475,51.0,incorrect,17.650000000000006,32.14999999999999,0.0,0.0,R,75,12.0,1.0,1.0,1.0,1.0,41.55,0.0,NA,NA,163.47500000000002,0.0,20.0,20.0,R,50,49.0,0.7791596177586756,0.369942196531792,1.0,0.0,2.7250000000000014,17.799999999999997,NA,NA,85.20500000000001,24.15000000000004,1.6000000000000014,1.6000000000000014,L,75,16.0,0.01555929352396991,0.0,0.0,0.0,67.6,156.2,NA,NA,1.8500000000000227,117.05000000000001,0.0,0.0,L,67,7.0,0.0,NaN,0.0,NA,0.2749999999999986,NA,160.025,NA,0.0,63.650000000000006,0.0,0.0,0.0,0.0,0.0,NA,0.0,1.0,0.0,0.0,NA,25.333333333333332,20.833333333333332,0.43194746979473175,0.39499036608863203,9,6,3,3,3,1,2,3,0.3544176706827311,0.29377468497272896,0.6431576838308957,0.369942196531792,0.5,0.0,1.0,0.0,0.6887452119114013,0.5720040589691919,0.025847559304012,0.6567212865637704,non,low,88.55714285714285,56.99166666666667,0.0,2.0,2.0,0.0,0.43045001316211856,0.289980732177264
gemma,F,2823,NSD,L,75,26.0,0.9643029365531667,1.0,1.0,1.0,2.1499999999999986,NA,54.099999999999994,NA,153.97699999999998,5.700000000000003,9.549999999999997,9.549999999999997,R,67,48.0,0.15228690228690236,0.18518518518518526,0.0,0.0,7.875,17.625,NA,NA,21.975000000000016,122.325,2.375,2.375,L,50,39.0,0.4261127596439169,0.0,0.0,0.0,20.775,111.875,NA,NA,53.849999999999994,72.52499999999998,0.0,0.0,L,67,73.0,0.7081185567010309,1.0,1.0,1.0,15.274999999999999,NA,21.075000000000003,NA,54.94999999999998,22.65,15.274999999999999,15.274999999999999,R,50,36.0,0.0535157187425005,0.0,0.0,0.0,14.75,61.900000000000006,14.75,incorrect,5.574999999999989,98.6,0.0,0.0,L,75,7.0,0.0,NaN,0.0,NA,29.725,NA,29.725,NA,0.0,183.9,0.0,0.0,L,50,29.0,0.9689794884780958,0.9555084745762714,1.0,1.0,5.024999999999999,NA,11.399999999999999,NA,191.32500000000002,6.124999999999993,11.274999999999999,11.274999999999999,R,75,42.0,0.20684931506849316,0.0,0.0,0.0,2.825000000000003,54.75,11.325000000000003,incorrect,11.325000000000003,43.425000000000004,0.0,0.0,R,67,40.0,0.4305804907241174,0.22568093385213994,0.0,0.0,9.950000000000003,12.899999999999999,NA,NA,71.94999999999999,95.14999999999995,2.8999999999999986,2.8999999999999986,NA,0.0,0.0,NA,0.0,NA,NA,0.0,0.0,37.77777777777778,12.03888888888889,0.43452735202202486,0.42079682420169956,9,8,3,3,3,3,3,2,0.4261127596439169,0.4305804907241174,0.20684931506849316,0.0,0.22568093385213994,0.5,0.0,0.0,0.24334034629500295,0.6117679367174873,0.008706840098416364,0.7196107398947735,non,non,51.81,23.729166666666668,0.0,1.0,1.0,0.0,0.35451418847884253,0.24189364461737997
gertrude,F,2878,SDN,L,67,70.0,0.44179104477611925,1.0,0.0,1.0,0.9499999999999993,3.1000000000000014,92.47,correct,3.6999999999999957,4.674999999999997,3.6999999999999957,3.6999999999999957,R,50,66.0,0.875856816450876,NaN,1.0,NA,2.0,24.549999999999997,79.75,correct,17.24999999999997,2.444999999999993,0.0,0.0,L,75,46.0,0.0,0.0,0.0,0.0,11.875,NA,0.0,NA,0.0,15.840999999999994,0.0,0.0,L,75,51.0,0.36163522012578603,NaN,0.0,NA,0.14999999999999858,111.125,62.55,incorrect,2.875,5.075000000000003,0.0,0.0,R,67,19.0,0.5436241610738257,0.0,0.0,0.0,6.5,27.450000000000003,15.0,incorrect,10.125,8.499999999999993,0.0,0.0,L,50,56.0,0.0,0.0,0.0,0.0,0.14999999999999858,NA,0.0,NA,0.0,11.052000000000007,0.0,0.0,L,50,57.0,0.24587458745874538,0.6543209876543211,0.0,1.0,1.3999999999999986,4.075000000000003,NA,NA,3.724999999999987,11.42499999999999,2.6499999999999986,2.6499999999999986,R,75,65.0,0.888745148771022,1.0,1.0,1.0,3.6499999999999986,6.299999999999997,149.4,correct,17.17500000000004,2.1500000000000057,3.25,3.25,R,67,68.0,0.9614035087719289,NaN,1.0,NA,2.575000000000003,85.625,183.625,correct,6.84999999999998,0.2750000000000057,0.0,0.0,0.0,0.0,NA,0.0,0.0,NA,0.0,0.0,0.0,55.333333333333336,3.2499999999999996,0.47988116526981145,0.4423868312757202,9,6,3,3,3,2,2,2,0.24587458745874538,0.5436241610738257,0.36163522012578603,0.32716049382716056,0.5,0.5,0.0,0.0,0.3165691513909684,0.8742063786681604,0.029823872693191013,0.8241408957418852,non,non,37.46071428571429,72.849375,0.6666666666666666,2.0,2.0,2.0,0.38371132288611903,0.4423868312757202
grayson,M,1097,SDN,L,67,56.0,0.4406242931463468,1.0,0.0,1.0,2.2749999999999986,9.700000000000003,27.525,correct,48.69999999999998,61.825000000000024,2.924999999999997,2.924999999999997,R,50,16.0,0.8906583802680134,1.0,1.0,1.0,38.875,NA,107.30000000000001,NA,114.65,14.074999999999989,20.0,20.0,L,75,11.0,0.0,NaN,0.0,NA,53.724999999999994,NA,53.724999999999994,NA,0.0,169.10000000000008,0.0,0.0,L,75,44.0,0.4060971496036427,0.0,0.0,0.0,1.75,28.700000000000003,3.3500000000000014,incorrect,48.15499999999996,70.42500000000007,0.0,0.0,R,67,69.0,0.5095415117719952,0.5033783783783782,0.0,0.0,2.4750000000000014,10.399999999999999,3.549999999999997,incorrect,51.400000000000055,49.475000000000016,3.7250000000000014,3.7250000000000014,L,50,30.0,0.3125840537944287,0.0,0.0,0.0,40.2,47.675,NA,NA,40.67500000000004,89.44999999999997,0.0,0.0,L,50,53.0,0.6522157996146439,1.0,1.0,1.0,1.4750000000000014,3.6000000000000014,38.875,correct,50.77499999999998,27.074999999999932,11.124999999999993,11.124999999999993,R,75,27.0,0.2276052788182171,0.0,0.0,0.0,4.725000000000001,129.375,4.725000000000001,incorrect,32.51000000000005,110.32499999999999,0.0,0.0,R,67,35.0,0.666881166881167,1.0,1.0,1.0,0.5249999999999986,2.8999999999999986,24.625,correct,77.72500000000002,38.82499999999998,15.350000000000001,15.350000000000001,0.0,NA,NA,0.0,0.0,0.0,0.0,0.0,0.0,37.888888888888886,16.225,0.4562452926553839,0.5629222972972973,9,8,3,3,3,3,3,2,0.6522157996146439,0.5095415117719952,0.2276052788182171,1.0,1.0,0.0,1.0,2.0,0.9977193192858387,0.6325925670915944,0.005699928850000039,0.7062559621048525,low,low,33.19285714285714,32.959375,0.5,1.0,2.0,1.0,0.46312086340161873,0.6666666666666666
watson,M,1968,DNS,NA,NA,NA,NA,NA,NA,NA,NA,NA,NA,NA,NA,NA,NA,NA,L,67,17.0,0.41946079102230727,1.0,0.0,1.0,8.799999999999997,NA,88.7,NA,76.62499999999999,106.05000000000003,16.324999999999996,16.324999999999996,R,50,16.0,0.0,0.0,0.0,0.0,69.0,NA,0.0,NA,0.0,194.54500000000002,0.0,0.0,R,67,49.0,0.5554896142433235,0.62291169451074,0.0,1.0,1.4750000000000014,NA,6.475000000000001,NA,46.800000000000004,37.44999999999999,6.524999999999999,6.524999999999999,L,50,61.0,0.6949419405628812,0.5276752767527675,1.0,0.0,1.0749999999999993,16.424999999999997,3.424999999999997,incorrect,88.27499999999992,38.74999999999999,3.575000000000003,3.575000000000003,R,75,9.0,0.2079871348164031,0.14975845410628,0.0,0.0,4.399999999999999,13.125,NA,NA,38.800000000000004,147.75,0.7749999999999986,0.7749999999999986,R,50,42.0,0.271018593371059,0.0,0.0,0.0,18.950000000000003,32.075,NA,NA,33.525000000000006,90.17500000000003,0.0,0.0,L,75,39.0,0.682630722830323,0.1557863501483678,1.0,0.0,1.2399999999999984,7.840000000000003,NA,NA,80.57499999999999,37.460999999999984,0.5249999999999986,0.5249999999999986,L,67,53.0,0.7337777777777778,1.0,1.0,1.0,4.200000000000003,4.200000000000003,39.349999999999994,correct,82.54999999999998,29.950000000000003,14.125,14.125,NA,NA,NA,NA,0.0,0.0,0.0,0.0,0.0,35.75,13.6425,0.44566332182800933,0.43201647193976944,8,8,3,3,2,3,3,2,0.271018593371059,0.5554896142433235,0.44530892882336304,0.0,1.0,0.1527724021273239,0.0,1.0,0.4247106210708153,0.5831368486567914,0.12429478504790943,0.6590640627067738,low,non,14.733,27.59,0.5,2.0,1.0,1.0,0.42393904547924854,0.38425746737577465
gary,M,2330,NSD,L,75,64.0,0.15274151436031375,0.0,0.0,0.0,1.3399999999999999,147.94,2.115000000000002,incorrect,5.850000000000023,32.450000000000024,0.0,0.0,R,67,65.0,0.32369942196531853,0.0,0.0,0.0,0.5,104.19999999999999,3.924999999999997,incorrect,16.80000000000004,35.099999999999994,0.0,0.0,L,50,47.0,0.6597379123361953,0.9118881118881119,1.0,1.0,1.5749999999999993,3.700000000000003,NA,NA,36.50000000000001,18.825,16.299999999999997,16.299999999999997,L,67,62.0,0.6151104775481109,NaN,1.0,NA,1.0,121.475,131.85,correct,21.575000000000017,13.500000000000028,0.0,0.0,R,50,64.0,0.46894723554657924,NaN,0.0,NA,1.0,37.849999999999994,34.7,incorrect,18.57499999999999,21.034999999999982,0.0,0.0,L,75,67.0,0.4088815789473684,0.888,0.0,1.0,1.75,3.6000000000000014,NA,NA,31.075000000000017,44.925000000000026,13.875,13.875,L,50,51.0,0.5532829287703944,0.4660550458715595,0.0,0.0,2.4650000000000034,5.640000000000001,NA,NA,34.760000000000055,28.064999999999998,6.350000000000001,6.350000000000001,R,75,58.0,0.5400881057268724,0.4083769633507854,0.0,0.0,1.6499999999999986,14.149999999999999,1.6499999999999986,incorrect,30.65,26.099999999999987,5.850000000000001,5.850000000000001,R,67,72.0,0.8707419505366311,1.0,1.0,1.0,6.799999999999997,NA,103.275,NA,46.64999999999998,6.924999999999983,6.799999999999997,6.799999999999997,0.0,0.0,0.0,0.0,0.0,0.0,0.0,0.0,NA,61.111111111111114,2.0088888888888885,0.5103590139708649,0.524902874444351,9,7,3,3,3,2,2,3,0.5532829287703944,0.6151104775481109,0.4088815789473684,0.6889715788798357,0.5,0.4083769633507854,1.0,1.0,0.995135198775796,0.8840150616784982,0.1846331223148499,0.8814298412768545,low,low,54.819374999999994,46.2525,0.2,2.0,2.0,1.0,0.5257583284219579,0.5324495140768737
winter,F,2868,SND,R,67,111.0,0.4218262694504137,0.4007790845756236,0.0,0.0,1.3500000000000014,14.399000000000001,2.424999999999997,incorrect,50.45000000000002,69.14899999999997,5.350000000000001,5.350000000000001,L,50,100.0,0.5974594831362242,1.0,0.0,1.0,4.899999999999999,4.899999999999999,32.55,correct,68.20000000000002,45.95000000000002,14.050000000000004,14.050000000000004,R,75,187.0,0.5969028625058647,0.6915584415584414,0.0,1.0,0.9499999999999993,6.299999999999997,1.1999999999999993,incorrect,31.80000000000004,21.475000000000133,5.325000000000003,5.325000000000003,R,75,82.0,0.4967339557884638,1.0,0.0,1.0,1.9400000000000013,1.9400000000000013,58.739999999999995,correct,67.29999999999997,68.18499999999993,18.06,18.06,L,67,90.0,0.24650161463939732,0.0,0.0,0.0,0.4499999999999993,102.475,0.4499999999999993,incorrect,34.35000000000002,105.00000000000001,0.0,0.0,R,50,110.0,0.6484655241131927,1.0,1.0,1.0,0.1999999999999993,5.274999999999999,22.475,correct,81.35,44.09999999999996,14.575000000000003,14.575000000000003,R,50,132.0,0.4114913392479934,0.1418092909535452,0.0,0.0,0.4250000000000007,NA,3.3500000000000014,NA,48.700000000000045,69.65,1.4499999999999993,1.4499999999999993,L,75,118.0,0.49101397825604615,1.0,0.0,1.0,3.1899999999999977,3.4399999999999977,25.665,correct,55.32500000000001,57.35,16.560000000000002,16.560000000000002,L,67,86.0,0.5189536204035284,0.8683812405446294,0.0,1.0,0.3500000000000014,1.9250000000000007,0.3500000000000014,incorrect,59.41499999999999,55.07500000000004,14.349999999999998,14.349999999999998,0.0,0.0,0.0,0.0,0.0,0.0,NA,0.0,0.0,112.88888888888889,1.5283333333333333,0.4921498497267916,0.6780586730702488,9,9,3,3,3,3,3,3,0.5974594831362242,0.4218262694504137,0.4967339557884638,1.0,0.4007790845756236,1.0,0.0,2.0,0.5688024737557376,0.8517170880490149,0.02516289954483832,0.18462451562339968,low,non,17.58175,16.35611111111111,0.5,1.0,3.0,2.0,0.5053399027917006,0.8002596948585412
georgiafixed,F,3036,DNS,L,75,77.0,0.38331694526384785,0.7471819645732686,0.0,1.0,0.7250000000000014,1.5500000000000007,5.799999999999997,correct,58.47500000000001,94.07500000000005,11.599999999999998,11.599999999999998,R,67,83.0,0.4080837402849972,0.0,0.0,0.0,2.4769999999999968,26.502000000000002,2.4769999999999968,incorrect,57.07500000000001,82.78600000000003,0.0,0.0,L,50,63.0,0.5374830393487111,0.5972850678733032,0.0,0.0,0.9499999999999993,1.2250000000000014,NA,NA,79.22500000000002,68.17500000000001,9.899999999999999,9.899999999999999,L,67,84.0,0.5162979226482012,0.5281690140845069,0.0,0.0,0.6499999999999986,0.9250000000000007,12.924999999999997,correct,76.425,71.60000000000002,5.6250000000000036,5.6250000000000036,R,50,68.0,0.4861453201970442,0.5068965517241381,0.0,0.0,0.4750000000000014,NA,1.25,NA,78.94999999999996,83.44999999999999,7.350000000000001,7.350000000000001,L,75,48.0,0.4742451154529307,1.0,0.0,1.0,10.674999999999997,NA,30.225,NA,73.42499999999998,81.39999999999998,10.674999999999997,10.674999999999997,L,50,79.0,0.49198717948717957,0.0,0.0,0.0,1.125,29.875,2.424999999999997,incorrect,61.39999999999999,63.39999999999999,0.0,0.0,R,75,78.0,0.5310565208707811,0.8300884955752214,0.0,1.0,1.9250000000000007,1.9250000000000007,10.475000000000001,correct,66.47500000000004,58.69999999999998,11.724999999999998,11.724999999999998,R,67,53.0,0.6746178786475219,1.0,1.0,1.0,24.15,NA,24.15,NA,72.82500000000002,35.12500000000003,20.0,20.0,0.0,0.0,0.0,0.0,NA,NA,0.0,0.0,NA,70.33333333333333,4.794666666666666,0.5003592958001349,0.578846788203382,9,9,3,3,3,3,3,3,0.49198717948717957,0.5162979226482012,0.4742451154529307,0.5068965517241381,0.5281690140845069,0.8300884955752214,0.0,1.0,0.41741897078033813,0.9900460787921892,0.17921643994861083,0.5456792325575683,low,non,10.333666666666668,11.215874999999999,0.6,1.0,2.0,1.0,0.49417673919610383,0.6217180204612888
wendy,F,3437,NSD,R,75,102.0,0.3373246664385904,0.19191919191919207,0.0,0.0,10.0,10.0,NA,NA,24.650000000000006,48.425000000000026,3.325000000000003,3.325000000000003,L,67,113.0,0.3861003861003864,0.6600000000000001,0.0,1.0,6.200000000000003,NA,6.75,NA,25.000000000000007,39.749999999999964,10.725000000000009,10.725000000000009,R,50,80.0,0.6908793009284545,0.803379416282642,1.0,1.0,1.0749999999999993,1.0749999999999993,13.799999999999997,correct,31.624999999999996,14.149999999999999,13.075,13.075,R,67,102.0,0.44186888808402736,0.49345794392523346,0.0,0.0,1.0749999999999993,1.6000000000000014,7.975000000000001,correct,30.499999999999986,38.52500000000001,6.599999999999994,6.599999999999994,L,50,86.0,0.6112499999999996,0.7338582677165353,1.0,1.0,0.6999999999999993,0.6999999999999993,7.600000000000001,correct,24.449999999999992,15.550000000000018,11.649999999999995,11.649999999999995,R,75,90.0,0.7024513947590868,0.6325203252032515,1.0,1.0,1.1499999999999986,1.9750000000000014,1.1499999999999986,incorrect,20.774999999999977,8.8,9.724999999999994,9.724999999999994,R,50,106.0,0.2942637759710932,0.30544173086379295,0.0,0.0,0.875,6.924999999999997,0.875,incorrect,11.727000000000018,28.12500000000002,3.727000000000004,3.727000000000004,L,75,96.0,0.2826568265682653,0.2804878048780489,0.0,0.0,1.1000000000000014,7.924999999999997,1.875,incorrect,9.574999999999989,24.30000000000002,3.450000000000003,3.450000000000003,L,67,134.0,0.6964477933261575,0.7023809523809523,1.0,1.0,0.9250000000000007,1.6999999999999993,NA,NA,16.175000000000008,7.049999999999994,10.325000000000006,10.325000000000006,0.0,NA,0.0,0.0,0.0,0.0,0.0,0.0,0.0,101.0,2.566666666666667,0.49369367024178457,0.5337161814632942,9,9,3,3,3,3,3,3,0.6112499999999996,0.44186888808402736,0.3373246664385904,0.7338582677165353,0.6600000000000001,0.2804878048780489,1.0,2.0,0.06515107463068219,0.9190679644104038,0.25645194014304007,0.6636585138945696,low,low,3.9874999999999994,5.7178571428571425,0.5,2.0,2.0,3.0,0.4634811848408725,0.5581153575315281
gladys,F,2695,NDS,L,50,61.0,0.4702817901965426,0.0,0.0,0.0,14.075000000000003,20.975,NA,NA,49.64999999999997,55.92499999999999,0.0,0.0,R,75,35.0,0.5449991833179071,1.0,0.0,1.0,1.5500000000000007,1.5500000000000007,30.299999999999997,correct,80.08,66.85600000000002,16.605,16.605,R,67,46.0,0.37327739327494336,1.0,0.0,1.0,3.450000000000003,12.100000000000001,33.675,correct,48.75600000000003,81.86000000000003,7.899999999999999,7.899999999999999,L,67,71.0,0.5738615049891211,1.0,0.0,1.0,6.655000000000001,NA,20.950000000000003,NA,76.48999999999995,56.80000000000001,17.275,17.275,R,50,43.0,0.603129205921938,1.0,1.0,1.0,12.674999999999997,NA,24.075000000000003,NA,89.62499999999997,58.97500000000001,17.599999999999994,17.599999999999994,L,75,36.0,0.4554983800266819,1.0,0.0,1.0,0.22500000000000142,2.1000000000000014,70.375,correct,59.75000000000001,71.42500000000003,17.9,17.9,L,75,36.0,0.31664148499892103,0.0,0.0,0.0,48.650000000000006,51.3,NA,NA,36.675000000000026,79.14999999999996,0.0,0.0,NA,NA,NA,NA,NA,NA,NA,NA,NA,NA,NA,NA,NA,NA,NA,NA,NA,NA,NA,NA,NA,NA,NA,NA,NA,NA,NA,NA,NA,NA,0.0,0.0,0.0,NA,NA,0.0,0.0,NA,NA,46.857142857142854,12.46857142857143,0.4768127061037222,0.7142857142857143,7,7,2,2,3,2,2,3,0.5367054980592403,0.47356944913203225,0.4554983800266819,0.5,1.0,1.0,0.0,2.0,0.7182102733155302,0.5823896211835776,2.751787022775031e-4,0.2986176744488101,low,non,17.605,35.875,1.0,1.0,5.0,3.0,0.48859110907265146,0.8333333333333334
gibson,M,2023,NSD,L,75,88.0,0.0,0.0,0.0,0.0,0.8000000000000007,NA,0.8000000000000007,NA,0.0,8.569999999999983,0.0,0.0,R,67,33.0,NaN,NaN,NA,NA,10.793999999999997,NA,NA,NA,0.0,0.0,0.0,0.0,L,50,38.0,0.5266666666666666,NaN,0.0,NA,4.674999999999997,26.025,66.225,correct,11.850000000000001,10.650000000000006,0.0,0.0,L,67,58.0,0.0,0.0,0.0,0.0,1.7169999999999987,NA,1.7169999999999987,NA,0.0,59.052999999999955,0.0,0.0,R,50,49.0,1.0,1.0,1.0,1.0,1.125,1.125,NA,NA,9.778999999999996,0.0,6.375,6.375,L,75,31.0,0.39579349904397687,0.0,0.0,0.0,1.875,76.275,6.700000000000003,incorrect,15.524999999999991,23.700000000000003,0.0,0.0,L,50,107.0,0.2496333510156958,0.5372945638432366,0.0,0.0,2.789999999999999,5.140000000000001,13.365000000000002,correct,8.0,24.046999999999983,4.25,4.25,R,75,53.0,0.0,0.0,0.0,0.0,0.5380000000000003,NA,1.9879999999999995,NA,0.0,22.424999999999997,0.0,0.0,R,67,38.0,0.3993551358820826,NaN,0.0,NA,8.825000000000003,89.35,22.549999999999997,incorrect,21.675000000000054,32.599999999999994,0.0,0.0,NA,NA,0.0,NA,0.0,0.0,0.0,NA,0.0,55.0,3.6821111111111104,0.3214310815760527,0.2562157606405394,8,6,3,2,3,2,1,3,0.5266666666666666,0.1996775679410413,0.0,0.7686472819216184,0.0,0.0,0.0,1.0,0.1537721438967483,0.18570792180274728,0.006840978047058498,0.2665205258050108,low,non,39.583,16.192142857142855,0.5,1.0,1.0,1.0,0.24211474486923598,0.25621576064053947
gina,F,2687,DNS,L,75,71.0,0.5336153051689373,1.0,0.0,1.0,0.75,3.950000000000003,58.400000000000006,correct,10.849999999999994,9.48299999999999,6.375,6.375,R,67,62.0,0.8996574046216408,1.0,1.0,1.0,11.424999999999997,NA,55.875,NA,92.69800000000004,10.338999999999999,18.349999999999994,18.349999999999994,L,50,46.0,0.8959563417905828,1.0,1.0,1.0,1.6750000000000007,1.6750000000000007,143.125,correct,78.14800000000001,9.074999999999989,18.325,18.325,L,67,95.0,0.6056711201307848,0.07501083971672186,1.0,0.0,0.5189999999999984,NA,5.869,NA,53.71999999999994,34.97500000000003,0.5189999999999984,0.5189999999999984,R,50,56.0,0.1407352584633838,0.0,0.0,0.0,6.149999999999999,199.8,9.850000000000001,incorrect,11.028999999999996,67.338,0.0,0.0,L,75,70.0,0.5997447838556056,0.12527472527472502,0.0,0.0,9.950000000000003,18.575000000000003,NA,NA,45.58900000000001,30.425000000000004,1.4249999999999972,1.4249999999999972,L,50,41.0,0.8803087209542285,0.0,1.0,0.0,0.2749999999999986,51.8,0.2749999999999986,incorrect,21.329000000000022,2.8999999999999986,0.0,0.0,R,75,45.0,0.0,NaN,0.0,NA,1.0249999999999986,NA,24.049999999999997,NA,0.0,34.17500000000001,0.0,0.0,R,67,54.0,0.25488069414316694,0.0,0.0,0.0,1.75,25.947000000000003,NA,NA,5.875,17.17500000000001,0.0,0.0,0.0,NA,0.0,NA,0.0,0.0,0.0,NA,0.0,60.0,3.7243333333333326,0.5345077365698145,0.4000356956239309,9,8,3,3,3,3,3,2,0.8803087209542285,0.6056711201307848,0.5336153051689373,0.0,0.07501083971672186,0.5626373626373625,2.0,0.0,0.24513004845176012,0.7669476597097331,0.0019311912804944142,0.8835658386254671,non,low,50.29116666666667,42.492,0.5,3.0,3.0,2.0,0.6731983820846502,0.2125494007846948
griffin,M,1019,SDN,L,67,47.0,0.05683351767105355,NaN,0.0,NA,25.825000000000003,97.1,34.3,incorrect,5.600999999999999,92.95,0.0,0.0,R,50,7.0,0.44177724765170717,0.0,0.0,0.0,57.974999999999994,84.35,NA,NA,74.07500000000002,93.6,0.0,0.0,L,75,17.0,0.21595133491044274,1.0,0.0,1.0,11.0,11.0,81.7,correct,15.975000000000001,57.999999999999986,1.6000000000000014,1.6000000000000014,L,75,36.0,0.0,0.0,0.0,0.0,6.274999999999999,NA,14.25,NA,0.0,141.236,0.0,0.0,R,67,49.0,0.3692085812150715,0.0,0.0,0.0,1.3500000000000014,122.875,NA,NA,51.200000000000045,87.475,0.0,0.0,L,50,23.0,0.7874584606782268,1.0,1.0,1.0,3.450000000000003,3.450000000000003,172.65,correct,123.93099999999998,33.44999999999999,15.824999999999996,15.824999999999996,L,50,35.0,0.3002532811420677,1.0,0.0,1.0,2.799999999999997,2.799999999999997,66.325,correct,32.59999999999998,75.97499999999997,17.200000000000003,17.200000000000003,R,75,20.0,0.39498746867167916,NaN,0.0,NA,38.349999999999994,61.650000000000006,38.349999999999994,incorrect,19.700000000000003,30.17500000000001,0.0,0.0,R,67,19.0,1.0,NaN,1.0,NA,4.799999999999997,23.4,NA,NA,56.77500000000004,0.0,0.0,0.0,0.0,0.0,0.0,NA,0.0,0.0,0.0,0.0,0.0,28.11111111111111,16.869444444444444,0.3962744324378054,0.5,9,6,3,3,3,3,1,2,0.44177724765170717,0.3692085812150715,0.21595133491044274,1.0,0.0,0.5,0.0,1.0,0.4518545293208607,0.3634729412332518,0.004039328517458278,1.0,low,non,50.828125,67.92916666666667,0.6,1.0,2.0,3.0,0.3423123879257405,0.5
gabriel,M,2050,DSN,L,50,39.0,0.7519422863485018,1.0,1.0,1.0,1.125,6.475000000000001,152.875,correct,135.50000000000003,44.69999999999999,13.524999999999999,13.524999999999999,NA,NA,NA,NA,NA,NA,NA,NA,NA,NA,NA,NA,NA,NA,NA,NA,NA,NA,NA,NA,NA,NA,NA,NA,NA,NA,NA,NA,NA,NA,NA,NA,NA,NA,NA,NA,NA,NA,NA,NA,NA,NA,NA,NA,NA,R,50,65.0,0.5649674204676122,0.10336538461538422,0.0,0.0,1.0500000000000007,10.700000000000003,5.600000000000001,incorrect,73.70000000000005,56.750000000000014,1.0749999999999957,1.0749999999999957,L,75,58.0,0.5059568131049889,0.6825053995680345,0.0,1.0,1.4750000000000014,3.325000000000003,9.375,correct,67.95000000000002,66.35000000000001,7.900000000000006,7.900000000000006,L,75,73.0,0.6358930112165659,0.5701357466063348,1.0,0.0,2.4750000000000014,12.850000000000001,5.975000000000001,incorrect,92.125,52.75000000000002,6.299999999999997,6.299999999999997,R,67,59.0,0.7140486980566864,1.0,1.0,1.0,13.837000000000003,NA,38.512,NA,92.96199999999999,37.22800000000001,19.475,19.475,L,50,53.0,0.37783957671398455,0.0,0.0,0.0,20.463,22.613,NA,NA,57.19999999999998,94.18700000000003,0.0,0.0,0.0,NA,NA,NA,0.0,0.0,0.0,NA,0.0,57.833333333333336,6.737500000000002,0.5917746343180567,0.5593344217982923,6,6,3,1,2,3,1,2,0.5649674204676122,0.7140486980566864,0.5709249121607773,0.10336538461538422,1.0,0.6263205730871846,1.0,2.0,0.8667000237146567,0.16637842211630044,0.2936597216981074,0.7490842427053411,low,low,11.192600000000002,42.4674,0.5,2.0,1.0,1.0,0.6166470102283587,0.5765619859008563
winona,F,3227,SDN,R,67,158.0,0.14514218009478674,0.11367673179396101,0.0,0.0,1.3500000000000014,12.475000000000001,1.3500000000000014,incorrect,6.124999999999993,36.07499999999995,1.6000000000000014,1.6000000000000014,L,50,155.0,0.9044897959183673,0.9423076923076917,1.0,1.0,4.875,4.875,8.549999999999997,correct,55.39999999999994,5.850000000000001,8.575000000000003,8.575000000000003,R,75,120.0,0.39776084375603954,1.0,0.0,1.0,1.0459999999999994,1.0459999999999994,21.825000000000003,correct,28.812999999999995,43.625,18.688000000000002,18.688000000000002,R,75,160.0,0.13263040063552847,0.0,0.0,0.0,0.3500000000000014,28.25,0.8820000000000014,incorrect,14.692000000000036,96.082,0.0,0.0,L,67,122.0,0.8252181332746141,0.79155238617663215,1.0,1.0,1.375,NA,8.200000000000003,NA,29.981,6.349999999999994,7.215000000000003,7.215000000000003,R,50,134.0,0.18397063638400135,0.21513124034997422,0.0,0.0,0.5509999999999984,NA,3.75,NA,10.675999999999991,47.35500000000006,2.9259999999999984,2.9259999999999984,R,50,138.0,0.20494936695381824,0.24952015355086368,0.0,0.0,1.3249999999999993,13.399999999999999,1.3249999999999993,incorrect,19.24700000000003,74.664,3.25,3.25,L,75,121.0,0.5125919322487185,0.6940418679549114,0.0,1.0,1.3249999999999993,1.3249999999999993,11.899999999999999,correct,57.500000000000014,54.675000000000026,10.775000000000002,10.775000000000002,L,67,152.0,0.8691741618969744,1.0,1.0,1.0,1.0749999999999993,1.0749999999999993,38.599999999999994,correct,37.205000000000055,5.600000000000023,12.249999999999996,12.249999999999996,0.0,0.0,0.0,0.0,NA,NA,0.0,0.0,0.0,140.0,1.4746666666666666,0.46399193901809427,0.5562477857926704,9,9,3,3,3,3,3,3,0.20494936695381824,0.8252181332746141,0.39776084375603954,0.24952015355086368,0.79155238617663215,0.6940418679549114,1.0,2.0,0.05572961676039821,0.7491975845590193,0.10007491563341936,0.6901769383742762,low,low,8.920857142857143,10.709111111111111,0.5714285714285714,1.0,2.0,2.0,0.47597611466149065,0.5783714692274691
gideon,M,1025,SDN,L,67,43.0,0.12749881945537536,0.0,0.0,0.0,19.325000000000003,133.075,NA,NA,20.25,138.57500000000005,0.0,0.0,R,50,28.0,0.9542300066093855,1.0,1.0,1.0,27.525,NA,144.675,NA,144.375,6.924999999999983,20.0,20.0,L,75,43.0,0.0,0.0,0.0,0.0,9.274999999999999,NA,0.0,NA,0.0,134.12499999999997,0.0,0.0,L,75,52.0,0.0,0.0,0.0,0.0,13.950000000000003,NA,0.0,NA,0.0,151.00500000000005,0.0,0.0,R,67,38.0,1.0,1.0,1.0,1.0,9.075000000000003,0.0,NA,NA,135.816,0.0,16.325000000000003,16.325000000000003,L,50,51.0,0.0,0.0,0.0,0.0,0.875,NA,0.0,NA,0.0,145.09999999999997,0.0,0.0,L,50,33.0,0.18069088926479426,0.0,0.0,0.0,0.625,172.0,NA,NA,25.849999999999994,117.21199999999999,0.0,0.0,R,75,30.0,0.7942824029360634,1.0,1.0,1.0,0.8500000000000014,NA,130.1,NA,102.80000000000001,26.625,18.925,18.925,R,67,19.0,0.745578575037898,NaN,1.0,NA,82.325,98.19999999999999,153.275,correct,73.775,25.174999999999983,0.0,0.0,0.0,NA,NA,NA,1.0,NA,0.0,NA,0.0,37.44444444444444,18.20277777777778,0.4224756325892796,0.375,9,8,3,3,3,3,2,3,0.18069088926479426,0.745578575037898,0.0,0.0,0.5,0.0,1.0,0.0,0.024113763028920144,0.43721859962502757,4.790565961876614e-4,0.5296506700533425,non,low,100.81875,71.34166666666667,1.0,2.0,1.0,1.0,0.30875648810089745,0.16666666666666666
gordon,M,2156,NSD,L,75,18.0,0.49436513899323814,0.0,0.0,0.0,1.9499999999999993,123.65,1.9499999999999993,incorrect,49.349999999999994,50.474999999999994,0.0,0.0,R,67,24.0,0.1269951422623176,NaN,0.0,NA,2.4750000000000014,34.525000000000006,133.675,correct,4.574999999999989,31.44999999999999,0.0,0.0,L,50,4.0,NaN,NaN,NA,NA,38.0,NA,NA,NA,0.0,0.0,0.0,0.0,L,67,19.0,0.0,NaN,0.0,NA,1.4499999999999993,NA,183.125,NA,0.0,40.69999999999999,0.0,0.0,R,50,76.0,NaN,NaN,NA,NA,4.226999999999997,NA,NA,NA,0.0,0.0,0.0,0.0,L,75,64.0,0.0,NaN,0.0,NA,8.024999999999999,NA,29.924999999999997,NA,0.0,29.999999999999986,0.0,0.0,L,50,13.0,0.0380204042836323,NaN,0.0,NA,1.9750000000000014,124.19999999999999,170.451,correct,2.4000000000000057,60.72400000000002,0.0,0.0,R,75,11.0,0.0,0.0,0.0,0.0,22.174999999999997,NA,0.0,NA,0.0,22.174999999999997,0.0,0.0,R,67,10.0,0.6054590753626606,1.0,1.0,1.0,30.275,NA,85.15,NA,82.13899999999998,53.525000000000006,20.0,20.0,0.0,0.0,NA,NA,NA,NA,0.0,NA,NA,26.555555555555557,12.283555555555555,0.18069139441454982,0.3333333333333333,7,3,1,3,3,0,1,2,0.0380204042836323,0.1269951422623176,0.0,NA,1.0,0.0,0.0,1.0,0.010593674990106368,0.05024291912937796,0.0,0.7728299926844475,low,non,94.125,86.32514285714286,0.6666666666666666,1.0,1.0,2.0,0.055005182181983296,0.5
